frame,seconds,path
1,0.0,frames/frame-00001.jpg
2,0.005,frames/frame-00002.jpg
3,0.0216667,frames/frame-00003.jpg
4,0.0383333,frames/frame-00004.jpg
5,0.055,frames/frame-00005.jpg
6,0.0716667,frames/frame-00006.jpg
7,0.0883333,frames/frame-00007.jpg
8,0.105,frames/frame-00008.jpg
9,0.121667,frames/frame-00009.jpg
10,0.138333,frames/frame-00010.jpg
11,0.155,frames/frame-00011.jpg
12,0.171667,frames/frame-00012.jpg
13,0.188333,frames/frame-00013.jpg
14,0.205,frames/frame-00014.jpg
15,0.221667,frames/frame-00015.jpg
16,0.238333,frames/frame-00016.jpg
17,0.255,frames/frame-00017.jpg
18,0.271667,frames/frame-00018.jpg
19,0.288333,frames/frame-00019.jpg
20,0.305,frames/frame-00020.jpg
21,0.321667,frames/frame-00021.jpg
22,0.338333,frames/frame-00022.jpg
23,0.355,frames/frame-00023.jpg
24,0.371667,frames/frame-00024.jpg
25,0.388333,frames/frame-00025.jpg
26,0.405,frames/frame-00026.jpg
27,0.421667,frames/frame-00027.jpg
28,0.438333,frames/frame-00028.jpg
29,0.455,frames/frame-00029.jpg
30,0.471667,frames/frame-00030.jpg
31,0.488333,frames/frame-00031.jpg
32,0.505,frames/frame-00032.jpg
33,0.521667,frames/frame-00033.jpg
34,0.536667,frames/frame-00034.jpg
35,0.553333,frames/frame-00035.jpg
36,0.57,frames/frame-00036.jpg
37,0.586667,frames/frame-00037.jpg
38,0.603333,frames/frame-00038.jpg
39,0.62,frames/frame-00039.jpg
40,0.636667,frames/frame-00040.jpg
41,0.653333,frames/frame-00041.jpg
42,0.67,frames/frame-00042.jpg
43,0.686667,frames/frame-00043.jpg
44,0.703333,frames/frame-00044.jpg
45,0.72,frames/frame-00045.jpg
46,0.736667,frames/frame-00046.jpg
47,0.753333,frames/frame-00047.jpg
48,0.77,frames/frame-00048.jpg
49,0.786667,frames/frame-00049.jpg
50,0.803333,frames/frame-00050.jpg
51,0.82,frames/frame-00051.jpg
52,0.836667,frames/frame-00052.jpg
53,0.853333,frames/frame-00053.jpg
54,0.87,frames/frame-00054.jpg
55,0.886667,frames/frame-00055.jpg
56,0.903333,frames/frame-00056.jpg
57,0.92,frames/frame-00057.jpg
58,0.936667,frames/frame-00058.jpg
59,0.953333,frames/frame-00059.jpg
60,0.97,frames/frame-00060.jpg
61,0.986667,frames/frame-00061.jpg
62,1.003333,frames/frame-00062.jpg
63,1.02,frames/frame-00063.jpg
64,1.036667,frames/frame-00064.jpg
65,1.053333,frames/frame-00065.jpg
66,1.07,frames/frame-00066.jpg
67,1.086667,frames/frame-00067.jpg
68,1.103333,frames/frame-00068.jpg
69,1.12,frames/frame-00069.jpg
70,1.136667,frames/frame-00070.jpg
71,1.153333,frames/frame-00071.jpg
72,1.17,frames/frame-00072.jpg
73,1.186667,frames/frame-00073.jpg
74,1.203333,frames/frame-00074.jpg
75,1.22,frames/frame-00075.jpg
76,1.236667,frames/frame-00076.jpg
77,1.253333,frames/frame-00077.jpg
78,1.27,frames/frame-00078.jpg
79,1.286667,frames/frame-00079.jpg
80,1.303333,frames/frame-00080.jpg
81,1.32,frames/frame-00081.jpg
82,1.336667,frames/frame-00082.jpg
83,1.353333,frames/frame-00083.jpg
84,1.37,frames/frame-00084.jpg
85,1.386667,frames/frame-00085.jpg
86,1.403333,frames/frame-00086.jpg
87,1.42,frames/frame-00087.jpg
88,1.436667,frames/frame-00088.jpg
89,1.453333,frames/frame-00089.jpg
90,1.47,frames/frame-00090.jpg
91,1.486667,frames/frame-00091.jpg
92,1.503333,frames/frame-00092.jpg
93,1.52,frames/frame-00093.jpg
94,1.536667,frames/frame-00094.jpg
95,1.553333,frames/frame-00095.jpg
96,1.57,frames/frame-00096.jpg
97,1.585,frames/frame-00097.jpg
98,1.601667,frames/frame-00098.jpg
99,1.618333,frames/frame-00099.jpg
100,1.635,frames/frame-00100.jpg
101,1.651667,frames/frame-00101.jpg
102,1.668333,frames/frame-00102.jpg
103,1.685,frames/frame-00103.jpg
104,1.701667,frames/frame-00104.jpg
105,1.718333,frames/frame-00105.jpg
106,1.735,frames/frame-00106.jpg
107,1.751667,frames/frame-00107.jpg
108,1.768333,frames/frame-00108.jpg
109,1.785,frames/frame-00109.jpg
110,1.801667,frames/frame-00110.jpg
111,1.818333,frames/frame-00111.jpg
112,1.835,frames/frame-00112.jpg
113,1.851667,frames/frame-00113.jpg
114,1.868333,frames/frame-00114.jpg
115,1.885,frames/frame-00115.jpg
116,1.901667,frames/frame-00116.jpg
117,1.918333,frames/frame-00117.jpg
118,1.935,frames/frame-00118.jpg
119,1.951667,frames/frame-00119.jpg
120,1.968333,frames/frame-00120.jpg
121,1.985,frames/frame-00121.jpg
122,2.001667,frames/frame-00122.jpg
123,2.018333,frames/frame-00123.jpg
124,2.035,frames/frame-00124.jpg
125,2.051667,frames/frame-00125.jpg
126,2.068333,frames/frame-00126.jpg
127,2.085,frames/frame-00127.jpg
128,2.101667,frames/frame-00128.jpg
129,2.118333,frames/frame-00129.jpg
130,2.135,frames/frame-00130.jpg
131,2.151667,frames/frame-00131.jpg
132,2.168333,frames/frame-00132.jpg
133,2.185,frames/frame-00133.jpg
134,2.201667,frames/frame-00134.jpg
135,2.218333,frames/frame-00135.jpg
136,2.235,frames/frame-00136.jpg
137,2.251667,frames/frame-00137.jpg
138,2.268333,frames/frame-00138.jpg
139,2.285,frames/frame-00139.jpg
140,2.301667,frames/frame-00140.jpg
141,2.318333,frames/frame-00141.jpg
142,2.335,frames/frame-00142.jpg
143,2.351667,frames/frame-00143.jpg
144,2.368333,frames/frame-00144.jpg
145,2.385,frames/frame-00145.jpg
146,2.401667,frames/frame-00146.jpg
147,2.418333,frames/frame-00147.jpg
148,2.435,frames/frame-00148.jpg
149,2.451667,frames/frame-00149.jpg
150,2.468333,frames/frame-00150.jpg
151,2.485,frames/frame-00151.jpg
152,2.501667,frames/frame-00152.jpg
153,2.518333,frames/frame-00153.jpg
154,2.535,frames/frame-00154.jpg
155,2.551667,frames/frame-00155.jpg
156,2.568333,frames/frame-00156.jpg
157,2.585,frames/frame-00157.jpg
158,2.601667,frames/frame-00158.jpg
159,2.618333,frames/frame-00159.jpg
160,2.635,frames/frame-00160.jpg
161,2.651667,frames/frame-00161.jpg
162,2.668333,frames/frame-00162.jpg
163,2.685,frames/frame-00163.jpg
164,2.701667,frames/frame-00164.jpg
165,2.716667,frames/frame-00165.jpg
166,2.733333,frames/frame-00166.jpg
167,2.75,frames/frame-00167.jpg
168,2.766667,frames/frame-00168.jpg
169,2.783333,frames/frame-00169.jpg
170,2.8,frames/frame-00170.jpg
171,2.816667,frames/frame-00171.jpg
172,2.833333,frames/frame-00172.jpg
173,2.85,frames/frame-00173.jpg
174,2.866667,frames/frame-00174.jpg
175,2.883333,frames/frame-00175.jpg
176,2.9,frames/frame-00176.jpg
177,2.916667,frames/frame-00177.jpg
178,2.933333,frames/frame-00178.jpg
179,2.95,frames/frame-00179.jpg
180,2.966667,frames/frame-00180.jpg
181,2.983333,frames/frame-00181.jpg
182,3.0,frames/frame-00182.jpg
183,3.016667,frames/frame-00183.jpg
184,3.033333,frames/frame-00184.jpg
185,3.05,frames/frame-00185.jpg
186,3.066667,frames/frame-00186.jpg
187,3.083333,frames/frame-00187.jpg
188,3.1,frames/frame-00188.jpg
189,3.116667,frames/frame-00189.jpg
190,3.133333,frames/frame-00190.jpg
191,3.15,frames/frame-00191.jpg
192,3.166667,frames/frame-00192.jpg
193,3.183333,frames/frame-00193.jpg
194,3.2,frames/frame-00194.jpg
195,3.216667,frames/frame-00195.jpg
196,3.233333,frames/frame-00196.jpg
197,3.25,frames/frame-00197.jpg
198,3.266667,frames/frame-00198.jpg
199,3.283333,frames/frame-00199.jpg
200,3.3,frames/frame-00200.jpg
201,3.316667,frames/frame-00201.jpg
202,3.333333,frames/frame-00202.jpg
203,3.35,frames/frame-00203.jpg
204,3.366667,frames/frame-00204.jpg
205,3.383333,frames/frame-00205.jpg
206,3.4,frames/frame-00206.jpg
207,3.416667,frames/frame-00207.jpg
208,3.433333,frames/frame-00208.jpg
209,3.45,frames/frame-00209.jpg
210,3.466667,frames/frame-00210.jpg
211,3.483333,frames/frame-00211.jpg
212,3.5,frames/frame-00212.jpg
213,3.516667,frames/frame-00213.jpg
214,3.533333,frames/frame-00214.jpg
215,3.55,frames/frame-00215.jpg
216,3.566667,frames/frame-00216.jpg
217,3.583333,frames/frame-00217.jpg
218,3.6,frames/frame-00218.jpg
219,3.616667,frames/frame-00219.jpg
220,3.633333,frames/frame-00220.jpg
221,3.65,frames/frame-00221.jpg
222,3.666667,frames/frame-00222.jpg
223,3.683333,frames/frame-00223.jpg
224,3.7,frames/frame-00224.jpg
225,3.716667,frames/frame-00225.jpg
226,3.733333,frames/frame-00226.jpg
227,3.75,frames/frame-00227.jpg
228,3.766667,frames/frame-00228.jpg
229,3.781667,frames/frame-00229.jpg
230,3.798333,frames/frame-00230.jpg
231,3.815,frames/frame-00231.jpg
232,3.831667,frames/frame-00232.jpg
233,3.848333,frames/frame-00233.jpg
234,3.865,frames/frame-00234.jpg
235,3.881667,frames/frame-00235.jpg
236,3.898333,frames/frame-00236.jpg
237,3.915,frames/frame-00237.jpg
238,3.931667,frames/frame-00238.jpg
239,3.948333,frames/frame-00239.jpg
240,3.965,frames/frame-00240.jpg
241,3.981667,frames/frame-00241.jpg
242,3.998333,frames/frame-00242.jpg
243,4.015,frames/frame-00243.jpg
244,4.031667,frames/frame-00244.jpg
245,4.048333,frames/frame-00245.jpg
246,4.065,frames/frame-00246.jpg
247,4.081667,frames/frame-00247.jpg
248,4.098333,frames/frame-00248.jpg
249,4.115,frames/frame-00249.jpg
250,4.131667,frames/frame-00250.jpg
251,4.148333,frames/frame-00251.jpg
252,4.165,frames/frame-00252.jpg
253,4.181667,frames/frame-00253.jpg
254,4.198333,frames/frame-00254.jpg
255,4.215,frames/frame-00255.jpg
256,4.231667,frames/frame-00256.jpg
257,4.248333,frames/frame-00257.jpg
258,4.265,frames/frame-00258.jpg
259,4.281667,frames/frame-00259.jpg
260,4.298333,frames/frame-00260.jpg
261,4.315,frames/frame-00261.jpg
262,4.331667,frames/frame-00262.jpg
263,4.348333,frames/frame-00263.jpg
264,4.365,frames/frame-00264.jpg
265,4.381667,frames/frame-00265.jpg
266,4.398333,frames/frame-00266.jpg
267,4.415,frames/frame-00267.jpg
268,4.431667,frames/frame-00268.jpg
269,4.448333,frames/frame-00269.jpg
270,4.465,frames/frame-00270.jpg
271,4.481667,frames/frame-00271.jpg
272,4.498333,frames/frame-00272.jpg
273,4.515,frames/frame-00273.jpg
274,4.531667,frames/frame-00274.jpg
275,4.548333,frames/frame-00275.jpg
276,4.565,frames/frame-00276.jpg
277,4.581667,frames/frame-00277.jpg
278,4.598333,frames/frame-00278.jpg
279,4.615,frames/frame-00279.jpg
280,4.631667,frames/frame-00280.jpg
281,4.648333,frames/frame-00281.jpg
282,4.665,frames/frame-00282.jpg
283,4.681667,frames/frame-00283.jpg
284,4.698333,frames/frame-00284.jpg
285,4.715,frames/frame-00285.jpg
286,4.731667,frames/frame-00286.jpg
287,4.748333,frames/frame-00287.jpg
288,4.765,frames/frame-00288.jpg
289,4.781667,frames/frame-00289.jpg
290,4.798333,frames/frame-00290.jpg
291,4.815,frames/frame-00291.jpg
292,4.831667,frames/frame-00292.jpg
293,4.846667,frames/frame-00293.jpg
294,4.863333,frames/frame-00294.jpg
295,4.88,frames/frame-00295.jpg
296,4.896667,frames/frame-00296.jpg
297,4.913333,frames/frame-00297.jpg
298,4.93,frames/frame-00298.jpg
299,4.946667,frames/frame-00299.jpg
300,4.963333,frames/frame-00300.jpg
301,4.98,frames/frame-00301.jpg
302,4.996667,frames/frame-00302.jpg
303,5.013333,frames/frame-00303.jpg
304,5.03,frames/frame-00304.jpg
305,5.046667,frames/frame-00305.jpg
306,5.063333,frames/frame-00306.jpg
307,5.08,frames/frame-00307.jpg
308,5.096667,frames/frame-00308.jpg
309,5.113333,frames/frame-00309.jpg
310,5.13,frames/frame-00310.jpg
311,5.146667,frames/frame-00311.jpg
312,5.163333,frames/frame-00312.jpg
313,5.18,frames/frame-00313.jpg
314,5.196667,frames/frame-00314.jpg
315,5.213333,frames/frame-00315.jpg
316,5.23,frames/frame-00316.jpg
317,5.246667,frames/frame-00317.jpg
318,5.263333,frames/frame-00318.jpg
319,5.28,frames/frame-00319.jpg
320,5.296667,frames/frame-00320.jpg
321,5.313333,frames/frame-00321.jpg
322,5.33,frames/frame-00322.jpg
323,5.346667,frames/frame-00323.jpg
324,5.363333,frames/frame-00324.jpg
325,5.38,frames/frame-00325.jpg
326,5.396667,frames/frame-00326.jpg
327,5.413333,frames/frame-00327.jpg
328,5.43,frames/frame-00328.jpg
329,5.446667,frames/frame-00329.jpg
330,5.463333,frames/frame-00330.jpg
331,5.48,frames/frame-00331.jpg
332,5.496667,frames/frame-00332.jpg
333,5.513333,frames/frame-00333.jpg
334,5.53,frames/frame-00334.jpg
335,5.546667,frames/frame-00335.jpg
336,5.563333,frames/frame-00336.jpg
337,5.58,frames/frame-00337.jpg
338,5.596667,frames/frame-00338.jpg
339,5.613333,frames/frame-00339.jpg
340,5.63,frames/frame-00340.jpg
341,5.646667,frames/frame-00341.jpg
342,5.663333,frames/frame-00342.jpg
343,5.68,frames/frame-00343.jpg
344,5.696667,frames/frame-00344.jpg
345,5.713333,frames/frame-00345.jpg
346,5.73,frames/frame-00346.jpg
347,5.746667,frames/frame-00347.jpg
348,5.763333,frames/frame-00348.jpg
349,5.78,frames/frame-00349.jpg
350,5.796667,frames/frame-00350.jpg
351,5.813333,frames/frame-00351.jpg
352,5.83,frames/frame-00352.jpg
353,5.846667,frames/frame-00353.jpg
354,5.863333,frames/frame-00354.jpg
355,5.88,frames/frame-00355.jpg
356,5.895,frames/frame-00356.jpg
357,5.911667,frames/frame-00357.jpg
358,5.928333,frames/frame-00358.jpg
359,5.945,frames/frame-00359.jpg
360,5.961667,frames/frame-00360.jpg
361,5.978333,frames/frame-00361.jpg
362,5.995,frames/frame-00362.jpg
363,6.011667,frames/frame-00363.jpg
364,6.028333,frames/frame-00364.jpg
365,6.045,frames/frame-00365.jpg
366,6.061667,frames/frame-00366.jpg
367,6.078333,frames/frame-00367.jpg
368,6.095,frames/frame-00368.jpg
369,6.111667,frames/frame-00369.jpg
370,6.128333,frames/frame-00370.jpg
371,6.145,frames/frame-00371.jpg
372,6.161667,frames/frame-00372.jpg
373,6.178333,frames/frame-00373.jpg
374,6.195,frames/frame-00374.jpg
375,6.211667,frames/frame-00375.jpg
376,6.228333,frames/frame-00376.jpg
377,6.245,frames/frame-00377.jpg
378,6.261667,frames/frame-00378.jpg
379,6.278333,frames/frame-00379.jpg
380,6.295,frames/frame-00380.jpg
381,6.311667,frames/frame-00381.jpg
382,6.328333,frames/frame-00382.jpg
383,6.345,frames/frame-00383.jpg
384,6.361667,frames/frame-00384.jpg
385,6.378333,frames/frame-00385.jpg
386,6.395,frames/frame-00386.jpg
387,6.411667,frames/frame-00387.jpg
388,6.428333,frames/frame-00388.jpg
389,6.445,frames/frame-00389.jpg
390,6.461667,frames/frame-00390.jpg
391,6.478333,frames/frame-00391.jpg
392,6.495,frames/frame-00392.jpg
393,6.511667,frames/frame-00393.jpg
394,6.528333,frames/frame-00394.jpg
395,6.545,frames/frame-00395.jpg
396,6.561667,frames/frame-00396.jpg
397,6.578333,frames/frame-00397.jpg
398,6.595,frames/frame-00398.jpg
399,6.611667,frames/frame-00399.jpg
400,6.628333,frames/frame-00400.jpg
401,6.645,frames/frame-00401.jpg
402,6.661667,frames/frame-00402.jpg
403,6.678333,frames/frame-00403.jpg
404,6.695,frames/frame-00404.jpg
405,6.711667,frames/frame-00405.jpg
406,6.728333,frames/frame-00406.jpg
407,6.745,frames/frame-00407.jpg
408,6.761667,frames/frame-00408.jpg
409,6.778333,frames/frame-00409.jpg
410,6.795,frames/frame-00410.jpg
411,6.811667,frames/frame-00411.jpg
412,6.828333,frames/frame-00412.jpg
413,6.845,frames/frame-00413.jpg
414,6.861667,frames/frame-00414.jpg
415,6.878333,frames/frame-00415.jpg
416,6.895,frames/frame-00416.jpg
417,6.911667,frames/frame-00417.jpg
418,6.928333,frames/frame-00418.jpg
419,6.945,frames/frame-00419.jpg
420,6.96,frames/frame-00420.jpg
421,6.976667,frames/frame-00421.jpg
422,6.993333,frames/frame-00422.jpg
423,7.01,frames/frame-00423.jpg
424,7.026667,frames/frame-00424.jpg
425,7.043333,frames/frame-00425.jpg
426,7.06,frames/frame-00426.jpg
427,7.076667,frames/frame-00427.jpg
428,7.093333,frames/frame-00428.jpg
429,7.11,frames/frame-00429.jpg
430,7.126667,frames/frame-00430.jpg
431,7.143333,frames/frame-00431.jpg
432,7.16,frames/frame-00432.jpg
433,7.176667,frames/frame-00433.jpg
434,7.193333,frames/frame-00434.jpg
435,7.21,frames/frame-00435.jpg
436,7.226667,frames/frame-00436.jpg
437,7.243333,frames/frame-00437.jpg
438,7.26,frames/frame-00438.jpg
439,7.276667,frames/frame-00439.jpg
440,7.293333,frames/frame-00440.jpg
441,7.31,frames/frame-00441.jpg
442,7.326667,frames/frame-00442.jpg
443,7.343333,frames/frame-00443.jpg
444,7.36,frames/frame-00444.jpg
445,7.376667,frames/frame-00445.jpg
446,7.393333,frames/frame-00446.jpg
447,7.41,frames/frame-00447.jpg
448,7.426667,frames/frame-00448.jpg
449,7.443333,frames/frame-00449.jpg
450,7.46,frames/frame-00450.jpg
451,7.476667,frames/frame-00451.jpg
452,7.493333,frames/frame-00452.jpg
453,7.51,frames/frame-00453.jpg
454,7.526667,frames/frame-00454.jpg
455,7.543333,frames/frame-00455.jpg
456,7.56,frames/frame-00456.jpg
457,7.576667,frames/frame-00457.jpg
458,7.593333,frames/frame-00458.jpg
459,7.61,frames/frame-00459.jpg
460,7.626667,frames/frame-00460.jpg
461,7.643333,frames/frame-00461.jpg
462,7.66,frames/frame-00462.jpg
463,7.676667,frames/frame-00463.jpg
464,7.693333,frames/frame-00464.jpg
465,7.71,frames/frame-00465.jpg
