baseline,seed,initialFoodWorkers,initialMaterialsWorkers,initialInactiveWorkers,food805,food810,food815,materials805,materials810,materials815,population805,population810,population815,minimumFood,shortageWinters,hitZero,foodProduced,foodConsumed,cattleProduced,cattleConsumed,births,childcarePersonWinters,foodWorkerShare815,meanFoodWorkerShare,finalStateHash
4,0,9,1,0,1,0,0,6,20,35,10,10,10,0,10,true,274,304,60,45,0,0,0.9,0.9000000000000002,c892bf9d91d2f12e0e702ee01d3247f42062a1f180247454ac067a9eda47e552
4,1,10,0,0,6,0,0,5,5,5,10,10,10,0,9,true,283,313,60,45,0,0,1,1,fcc56d568415e2ae950ae067232d9478b4c7de87589aad371ba9c4496d83a46a
4,2,6,4,0,0,0,0,28,76,118,10,10,10,0,13,true,231,261,60,45,0,0,0.6,0.5999999999999999,3a50ab83094464467f2141cf7d1a434812f8f0272e8872590b64d5db8045fbad
4,3,7,3,0,0,0,0,26,62,84,10,10,10,0,12,true,232,262,60,45,0,0,0.7,0.6999999999999998,402b09fce00b72aacfe2307e932eaab994b14ca91a27314872505a6424ff0127
4,4,5,5,0,0,0,0,53,107,173,10,10,10,0,13,true,185,215,60,45,0,0,0.5,0.5,a3294b83288487b911252489491d56e89ce11eef424282a4b8a1c523402c4550
4,5,8,2,0,1,0,4,9,9,9,10,10,10,0,3,true,309,335,60,45,0,0,0.8,0.8000000000000002,77ab05bc66b70e1ca1343368e8ea2710c8fa1925718a4196a93c42715c7f6143
4,6,6,4,0,0,0,0,22,36,86,10,10,10,0,13,true,270,300,60,45,0,0,0.6,0.5999999999999999,f0514189f10a35c19bf5eefc2afce6479ee6cd332bd9222ac2eb396bc301d916
4,7,7,3,0,0,0,0,20,43,67,10,10,10,0,13,true,236,266,60,45,0,0,0.7,0.6999999999999998,5f73c4c016b01f1cb4ee73c4c3a0cc0a6b1efc7c1fac933c705f99b95f68aa78
4,8,8,2,0,0,0,0,8,20,19,10,10,10,0,11,true,268,298,60,45,0,0,0.8,0.8000000000000002,432b031ae910cd89b6220de889552125de9607de88dd7bafb3594361c05f526e
4,9,6,4,0,0,0,0,37,81,123,10,10,10,0,12,true,210,240,60,45,0,0,0.6,0.5999999999999999,111b47642da64d54a2b2fa26e62f38bd78465305410e66cc27e2fb7c1c03a85b
4,10,8,2,0,0,0,0,25,46,67,10,10,10,0,12,true,230,260,60,45,0,0,0.8,0.8000000000000002,b0ed7654940d56912a0cde1ffcc68718446dcb36ed46674730b9af67fcfcb52d
4,11,8,2,0,0,0,0,14,36,58,10,10,10,0,11,true,260,290,60,45,0,0,0.8,0.8000000000000002,db239b6c6a3940a88b120046280db5fd3cbe1578eada26bd50c0e1f26820cb9b
4,12,7,3,0,0,0,0,17,53,90,10,10,10,0,11,true,282,312,60,45,0,0,0.7,0.6999999999999998,cb6a2a067763d7c1a3862d71a65f287b8fc1a408f713015923e0cd32ff4f61a0
4,13,9,1,0,0,0,0,13,22,31,10,10,10,0,11,true,242,272,60,45,0,0,0.9,0.9000000000000002,13e656cc79b213e8fb61a275f2d899447dd52fd95833cad97c041810472567d0
4,14,6,4,0,0,0,0,19,56,92,10,10,10,0,12,true,264,294,60,45,0,0,0.6,0.5999999999999999,f7168866dfdd730cfa1610ffd30b128be13b339028676112c824144f5e10ce9a
4,15,6,4,0,0,0,0,24,67,111,10,10,10,0,13,true,215,245,60,45,0,0,0.6,0.5999999999999999,231aeff76730a46557ded29d1ad08f33763f61957452de8c02ebbbd74bb5e237
4,16,7,3,0,0,0,0,9,29,49,10,10,10,0,12,true,276,306,60,45,0,0,0.8,0.7666666666666668,ed49d8210472c2aeb535019e9a2a1cb33814e70c1e98aca2162c2a536724902b
4,17,6,4,0,0,0,0,18,54,90,10,10,10,0,12,true,244,274,60,45,0,0,0.6,0.5999999999999999,28ac2bcf4341f141b3683d7521f4690230587396e3c93156adab640f90988b04
4,18,6,4,0,0,0,0,26,58,91,10,10,10,0,11,true,244,274,60,45,0,0,0.6,0.5999999999999999,1a4a215fe7e1a4ce1360c90a9d12336a67993dcc74b283227f37b20cefb2b3c9
4,19,7,3,0,0,0,0,19,42,66,10,10,10,0,12,true,254,284,60,45,0,0,0.7,0.6999999999999998,9023a7248eeb53acac2432c34d0de4ae07040504a981d13e762ec65256d964fc
4,20,8,2,0,0,0,0,3,20,28,10,10,10,0,10,true,281,311,60,45,0,0,0.8,0.8000000000000002,e9bb1f1c0a13f1dd29ef49af9742ab7e09a10a75cd1b5333871441c479b3dcd1
4,21,7,3,0,0,0,0,32,55,90,10,10,10,0,12,true,221,251,60,45,0,0,0.7,0.6999999999999998,d306e76b2e8e906689149a52e444226dda65d0689381f8317a5ad4480851f475
4,22,9,1,0,2,0,0,16,27,38,10,10,10,0,10,true,266,296,60,45,0,0,0.9,0.9000000000000002,1e51ed6c03d8d341aee5dac26caa21dd08d09d76645d65d59e538ae2f0bad797
4,23,8,2,0,0,0,0,0,30,59,10,10,10,0,10,true,275,305,60,45,0,0,0.8,0.8000000000000002,5fd66d4cc8506166539472e41b6da754be26fb5c0866f38a6f04ec052e1cb629
4,24,8,2,0,0,0,1,9,29,54,10,10,10,0,5,true,301,330,60,45,0,0,0.8,0.8000000000000002,ebabbd4eb5d58d220220d8eb3126dfde8c9541c2b92bc29b2c184e958ef0ff7e
4,25,9,1,0,5,0,0,1,5,8,10,10,10,0,6,true,296,326,60,45,0,0,0.9,0.9000000000000002,f6ab1229ab6276c22071f3aad757d33e0f3daa2c17b675af22b6cc4648b97fbc
4,26,7,3,0,0,0,0,27,61,95,10,10,10,0,12,true,248,278,60,45,0,0,0.7,0.6999999999999998,42d0a7c2fd9d8c8554387543315cbf78831a0b0691e0843379830a352fc994b3
4,27,9,1,0,0,0,0,13,21,29,10,10,10,0,10,true,262,292,60,45,0,0,0.9,0.9000000000000002,b9856e119074932e053ea5b408329fd05e496dfb1b064e977498ce1bd84bebf7
4,28,7,3,0,0,0,0,18,41,63,10,10,10,0,12,true,258,288,60,45,0,0,0.7,0.6999999999999998,4d3131629271b0c78fc31a377b8fdb382756ef6b4d690c75fecf58acf48233bb
4,29,6,4,0,0,0,0,41,80,134,10,10,10,0,13,true,174,204,60,45,0,0,0.6,0.5999999999999999,beac0017e0daa0d6f92abea246a8cf6363571161326092ca1c043f86840c168c
4,30,7,3,0,0,0,0,31,52,77,10,10,10,0,13,true,217,247,60,45,0,0,0.7,0.6999999999999998,e581529f7fd380d4e1ea9b498a32f5024446910cc51bb7617376b8a681763170
4,31,9,1,0,0,0,0,15,25,35,10,10,10,0,10,true,262,292,60,45,0,0,0.9,0.9000000000000002,9c6afe3baff40f89d9ae3587634c17c6e2068fea8610efdedee4a78ba6f6ecba
4,32,9,1,0,0,0,0,3,15,27,10,10,10,0,11,true,269,299,60,45,0,0,0.9,0.9000000000000002,d12cad646983f4e58002f854bac7f28b5f4731a9ece8dd3f80a6a77405a1cecb
4,33,7,3,0,0,0,0,9,33,57,10,10,10,0,12,true,265,295,60,45,0,0,0.7,0.6999999999999998,fd779b7239b0c2f0bc0eee2e4c6248336649bf215f979dd3da0558982a711911
4,34,8,2,0,0,0,0,23,42,62,10,10,10,0,11,true,244,274,60,45,0,0,0.8,0.8000000000000002,7a56a5d61370d209575e463a195449e9d2b212d72150c0533086a9c98300cfde
4,35,7,3,0,0,0,0,26,54,95,10,10,10,0,12,true,241,271,60,45,0,0,0.7,0.6999999999999998,7ff6bcbf9225f137c80e491dbad906d8bc1321387b2d3c0759ba517f7777daca
4,36,7,3,0,0,0,0,18,40,62,10,10,10,0,12,true,248,278,60,45,0,0,0.7,0.6999999999999998,80d4fd3235c01d3145c3d89e05108c92c5cad3eddadfa1c19cfb2b26f1e64d20
4,37,9,1,0,3,0,0,3,8,14,10,10,10,0,9,true,295,325,60,45,0,0,0.9,0.9000000000000002,392204d923ebfd0c737f36470b593136db8a2b793e89f376d8cf857d3111ed03
4,38,5,5,0,0,0,0,33,67,114,10,10,10,0,12,true,234,264,60,45,0,0,0.6,0.5666666666666665,8c7686ed7a6aa3353908a1ec969b29c2600cb6fd87ac69252b3cad8e59765883
4,39,6,4,0,0,0,0,24,72,120,10,10,10,0,13,true,222,252,60,45,0,0,0.6,0.5999999999999999,1ac0e046219280b6b82ebefba77566ab6a7bcefc2fced920fe77bacad94c820c
4,40,9,1,0,3,0,0,2,7,11,10,10,10,0,9,true,295,325,60,45,0,0,0.9,0.9000000000000002,39d645c69c0084e24a9cd5772b4ccdb6b0532072673191fea507e925b62522fc
4,41,9,1,0,0,0,0,15,12,18,10,10,10,0,11,true,278,308,60,45,0,0,0.9,0.9000000000000002,6291130e064d542979ec4824a84981c821d26e14d7c6ceabe5e8f9e6ee4f551d
4,42,6,4,0,0,0,0,35,78,106,10,10,10,0,12,true,226,256,60,45,0,0,0.6,0.5999999999999999,720282800daf72b2debf52576eb57f2d630271e983a72a0dd49e158f01cbba25
4,43,8,2,0,1,0,0,12,28,42,10,10,10,0,10,true,281,311,60,45,0,0,0.8,0.8000000000000002,38f6fcddffb11a7b66558d2814de3a55109f8cda0c639e17f8cf51817e042ab2
4,44,7,3,0,0,0,0,17,39,51,10,10,10,0,12,true,246,276,60,45,0,0,0.7,0.6999999999999998,5baadfd0f16fe3ec450517a8115d5b817d886ed64bedb29e03e3e066ce930627
4,45,6,4,0,0,0,0,32,76,111,10,10,10,0,13,true,205,235,60,45,0,0,0.6,0.5999999999999999,db824636b45cecc2f66d1b9ae488b1e0296aca6f822b7a9a7468f29840666f70
4,46,7,3,0,0,0,0,24,55,86,10,10,10,0,12,true,235,265,60,45,0,0,0.7,0.6999999999999998,f513646a988b4d75d51f4c010c53bcc15c1784c26dba6b3ce9287b7419b51aed
4,47,6,4,0,0,0,0,29,58,92,10,10,10,0,13,true,236,266,60,45,0,0,0.6,0.5999999999999999,fe82dabdf333bc7976ece5e289839835bf8b364b6e215ea60a7f6a7bcff6f1b8
4,48,10,0,0,2,0,0,5,5,5,10,10,10,0,10,true,273,303,60,45,0,0,1,1,27e3a6d23afedb246df7fcd3abfd0f5c940681fa7e6e007ae83e794d93f78940
4,49,6,4,0,0,0,0,34,77,131,10,10,10,0,13,true,216,246,60,45,0,0,0.6,0.5999999999999999,eeadb81c970c2b5b8174b574a415f7ffd515b0bfd9d3208bb656f9cdc2e65002
4,50,5,5,0,0,0,0,27,73,120,10,10,10,0,12,true,233,263,60,45,0,0,0.5,0.5,6fda86ee36853d53b6fb384c718f17f6af9d5d04a5a71da6228f6e13bb934313
4,51,8,2,0,0,0,0,13,26,40,10,10,10,0,12,true,259,289,60,45,0,0,0.8,0.8000000000000002,dd67f18ca062f917ed25ff3664f8e5b18e00ad14c3a1c3b9e26c6650ebf68646
4,52,6,4,0,0,0,0,36,59,87,10,10,10,0,13,true,211,241,60,45,0,0,0.6,0.5999999999999999,535666283c85be1a2dc9eb24b8eb2d99d139be991cf50202d791bc37f7000b0e
4,53,5,5,0,0,0,0,43,94,155,10,10,10,0,13,true,204,234,60,45,0,0,0.5,0.5,4e3b4c7c3d87e87ff7fed263ccb139b34772b92322fc628142c3ac656483af35
4,54,9,1,0,0,0,0,14,13,18,10,10,10,0,11,true,261,291,60,45,0,0,0.9,0.9000000000000002,e249e25f6f2d49742e2646e81c385afaf4635985403944310a1d56a4bab8d248
4,55,8,2,0,0,0,0,27,49,72,10,10,10,0,12,true,240,270,60,45,0,0,0.8,0.8000000000000002,759cc75815a3a407705f35d5a8c43b23571f45b0c3f130afc1819d106de3ad04
4,56,10,0,0,2,0,0,5,5,5,10,10,10,0,10,true,271,301,60,45,0,0,1,1,8db38a96f7eee51519b2f4a2e65f886c1f9a49d1bc06c7617232a5529502588f
4,57,7,3,0,0,0,0,7,26,44,10,10,10,0,12,true,275,305,60,45,0,0,0.7,0.6999999999999998,9bbee279bffd704c5f79d4a7dac1e414e16f898895ffd7310effbcbc62875a2f
4,58,4,6,0,0,0,0,48,108,181,10,10,10,0,13,true,183,213,60,45,0,0,0.4,0.4000000000000001,19bcf81ff57b741fe200ca60d5ad6e698b7728f97373cca5341b52102c4373a3
4,59,10,0,0,2,0,0,5,5,5,10,10,10,0,10,true,273,303,60,45,0,0,1,1,42b240af8c2801339aa8eb672e9cb73155a3a1737a5faf09e3d89119dcbf3b6d
4,60,7,3,0,0,0,0,9,28,46,10,10,10,0,12,true,284,314,60,45,0,0,0.7,0.6999999999999998,8630d50d8f815c6c3de3b9c40bbba7e8d05f1b1d73f601ea596ca9498d9a66ec
4,61,5,5,0,0,0,0,29,77,123,10,10,10,0,13,true,211,241,60,45,0,0,0.5,0.5,3365e9f629d1210672cd7555f18607f68ba89b80691442e03db53ad325af7caf
4,62,7,3,0,0,0,0,10,36,62,10,10,10,0,12,true,271,301,60,45,0,0,0.7,0.6999999999999998,1d1c7f96cb441437ff0282c8769e8708762f891a0eed2d05aa4077194a677624
4,63,6,4,0,0,0,0,41,71,113,10,10,10,0,13,true,192,222,60,45,0,0,0.6,0.5999999999999999,a27ae478021781c4188e4b9ad1ff59373a18f13178b69859cc5dad18ba4f6cdf
4,64,8,2,0,0,0,0,21,39,56,10,10,10,0,12,true,242,272,60,45,0,0,0.8,0.8000000000000002,33bdfdc3b57b6a42e1bffc229c6070ba03f3cc16983b30b9013349fe35b2a56a
4,65,7,3,0,0,0,0,12,31,61,10,10,10,0,12,true,276,306,60,45,0,0,0.7,0.6999999999999998,287f65f35a9a16b213a00da478b7c03466746530df2f6c4e860823316af37b7e
4,66,10,0,0,9,0,0,5,5,5,10,10,10,0,7,true,292,322,60,45,0,0,1,1,a194c8be8031b6dbf77510084a5463f0a86c5fd8330d220d9e6de0f355d1c014
4,67,8,2,0,0,0,0,4,21,38,10,10,10,0,11,true,274,304,60,45,0,0,0.8,0.8000000000000002,c0fae4ffd68a9ff0a4fd0bcd5e0c7613df145db7bf12e296820ae3c2c5b520b0
4,68,8,2,0,0,0,0,13,27,41,10,10,10,0,11,true,283,313,60,45,0,0,0.8,0.8000000000000002,4c8105ff9dc20db2fe222b8e915385f14ec68e58bfee7b897e7534093e853787
4,69,7,3,0,0,0,0,31,59,86,10,10,10,0,12,true,209,239,60,45,0,0,0.7,0.6999999999999998,9034d44690d6d69b577a00f0bc77a0e13cfec6cafdccdd82b2f4d81b8d6024e7
4,70,5,5,0,0,0,0,37,80,123,10,10,10,0,12,true,220,250,60,45,0,0,0.5,0.5,a6c5d3f04dfd3a20e16c4041b511b39f71a99e30d5dbcdddc7cfd5832b4a233a
4,71,6,4,0,0,0,0,20,70,117,10,10,10,0,13,true,235,265,60,45,0,0,0.6,0.5999999999999999,73a357c1c1b5cc5afcfedb185d5a953ea7f82acec12b274638c404cc5c42ec2f
4,72,9,1,0,1,0,0,15,13,19,10,10,10,0,10,true,288,318,60,45,0,0,0.9,0.9000000000000002,42da9002c95e62654bb58b79fa6d5ffcf375ae65c309d6d28d102986dda35623
4,73,4,6,0,0,0,0,62,135,196,10,10,10,0,13,true,152,182,60,45,0,0,0.4,0.4000000000000001,fd6d8b98cdd1e4e5dae6dc234ffc1375e5c424d7ba58974b1fccf19b7448e5c2
4,74,6,4,0,0,0,0,19,59,99,10,10,10,0,13,true,224,254,60,45,0,0,0.6,0.5999999999999999,664862e12f283f3c0ed919d8bb91d2b80254d46231015998d019de01ea1551e3
4,75,8,2,0,0,0,0,22,31,44,10,10,10,0,12,true,234,264,60,45,0,0,0.8,0.8000000000000002,eb5666a9b4e7602397d77b01b8c7d64526e0e8d8156f289826a5688df2b2f1d1
4,76,9,1,0,2,0,0,2,6,10,10,10,10,0,10,true,297,327,60,45,0,0,0.9,0.9000000000000002,e07f85efc1a8df67a490b861099407c85b23e35e4e82800c60650913dfa45605
4,77,9,1,0,3,0,0,3,8,12,10,10,10,0,9,true,290,320,60,45,0,0,0.9,0.9000000000000002,0ba6bc9abd3faaf602bf4b33c73e7009afcc435569d64f21cf9bb0971b22ea2a
4,78,7,3,0,0,0,0,14,50,85,10,10,10,0,12,true,254,284,60,45,0,0,0.7,0.6999999999999998,66ca177e216a8a3c6accd38bf7f6c32c8916cf84ed6718a07419ba1a6fdf9871
4,79,7,3,0,0,0,0,26,65,105,10,10,10,0,12,true,221,251,60,45,0,0,0.7,0.6999999999999998,340ab5f4f38bb1f38ce5d44860861b75ea1aa5cc1e887f8ee9a1e4553d2b3633
4,80,7,3,0,0,0,0,18,40,53,10,10,10,0,12,true,258,288,60,45,0,0,0.7,0.6999999999999998,f4b35c9b5a2dea1d07ce4dcfca739f7263fbd188a2b3d5af3fcae3077db01efe
4,81,4,6,0,0,0,0,39,97,167,10,10,10,0,13,true,220,250,60,45,0,0,0.4,0.4000000000000001,bb5b94dc148985d5cbfd09e9f74162c5a884a9687f9819435915b4afd04d70b1
4,82,8,2,0,2,0,0,10,17,35,10,10,10,0,8,true,298,328,60,45,0,0,0.8,0.8000000000000002,47c080c8fc52c7768c0748f2df2942b2b89b138c4aa5037806368d9365e463b9
4,83,7,3,0,0,0,0,32,54,88,10,10,10,0,13,true,202,232,60,45,0,0,0.7,0.6999999999999998,734313a9d6db87e24c3ab694facab0a5a1b66563313afa9309ed49e91cdc8f49
4,84,9,1,0,0,0,0,11,5,6,10,10,10,0,8,true,285,315,60,45,0,0,0.9,0.9000000000000002,512a10ab98dfdbdb152c9d0df01791dc94aba7a65101c01adacc91b06212b886
4,85,8,2,0,0,0,0,19,34,39,10,10,10,0,12,true,239,269,60,45,0,0,0.8,0.8000000000000002,df1bbf4ab265655d234d3a5b2310d413e2b674abbc139c76351eb41f60c536fa
4,86,4,6,0,0,0,0,47,103,158,10,10,10,0,13,true,169,199,60,45,0,0,0.4,0.4000000000000001,812db9cfa431a3560e1d69c97f2373d4bca9c64f7a5a7572e7dc385d839df6ad
4,87,7,3,0,0,0,0,8,31,54,10,10,10,0,12,true,250,280,60,45,0,0,0.7,0.6999999999999998,3fa5a003e3563053556e91fb22d186e098a8012fd0164a03657217d2deb3e645
4,88,7,3,0,2,0,0,8,29,49,10,10,10,0,9,true,293,323,60,45,0,0,0.7,0.6999999999999998,c09283e1dab914df007819789e839815f077ee7002624d07171779ae3280594a
4,89,7,3,0,0,0,6,22,25,53,10,10,10,0,2,true,315,339,60,45,0,0,0.7,0.6999999999999998,7b45c4474f6763d16ef53755a1f398fe32372815e305f57a5d48d6ed71b5e39e
4,90,8,2,0,0,0,0,20,23,34,10,10,10,0,11,true,260,290,60,45,0,0,0.8,0.8000000000000002,54243aac61e9a141ddb22828d55cb6adf434e2914806a76a7bf8d30b4f7c4458
4,91,9,1,0,3,0,0,13,21,29,10,10,10,0,10,true,272,302,60,45,0,0,0.9,0.9000000000000002,fd5c4b87539d97bb335579d3729d7671c5a29ddaf83129f0a6286792172be00b
4,92,7,3,0,0,0,0,31,58,72,10,10,10,0,12,true,227,257,60,45,0,0,0.7,0.6999999999999998,7294a2b5f9db05851aaa663901acd551e5ca1561d660dcfcf1effac5b70b279d
4,93,7,3,0,0,0,0,22,41,66,10,10,10,0,12,true,238,268,60,45,0,0,0.7,0.6999999999999998,e05fd7ac96a358aebecf5c9de576f8daf35266cbb386a0bf3e439a3f52fb9818
4,94,9,1,0,0,0,0,14,10,14,10,10,10,0,10,true,284,314,60,45,0,0,0.9,0.9000000000000002,e93007a484fe68884754907cb080b46b40afa620931362e96e60c8234719bf88
4,95,6,4,0,0,0,0,23,60,96,10,10,10,0,13,true,236,266,60,45,0,0,0.6,0.5999999999999999,77d07d59d58d86581ca3cc96e9ab954ed11f7ecd386a14cd5bc08c5233f146f8
4,96,7,3,0,0,0,0,23,57,75,10,10,10,0,12,true,237,267,60,45,0,0,0.7,0.6999999999999998,9014beaf27dfcefccc3183176306aee236b329cffcb55a69729d15f89905d13b
4,97,5,5,0,0,0,0,37,100,163,10,10,10,0,13,true,198,228,60,45,0,0,0.5,0.5,d18a3bf28d5fe4be31c3c487fae727e11012dcccef098f0896d1a2475f41e572
4,98,6,4,0,0,0,0,7,39,72,10,10,10,0,13,true,271,301,60,45,0,0,0.6,0.5999999999999999,601fd58ff56ab16d378716208a936106dc573ec06eb831badf22fd6adf3306e6
4,99,6,4,0,0,0,0,28,61,94,10,10,10,0,12,true,226,256,60,45,0,0,0.6,0.5999999999999999,d7df77a51613ae44d9eb5bebe517868fdfd52fc62ed4e01d4f96c8708bb66396
5,0,9,1,0,17,17,14,4,19,33,10,10,10,14,0,false,329,345,60,45,0,0,0.9,0.9000000000000002,aba21139b805599257adec8a66ecc802b9a1c7a3b206015e7a3db3c8f18d5bda
5,1,10,0,0,14,7,3,5,5,5,11,11,11,3,0,false,332,359,60,45,1,5,1,0.9666666666666667,279ba019c07afb3588c8a0e14cfd230809f6fe85076c3eafc57cf8ea1f272407
5,2,6,4,0,0,0,0,28,76,118,10,10,10,0,12,true,274,304,60,45,0,0,0.6,0.5999999999999999,d21ea160d26c2f645432faab1b0c95d0a42001f55592014b858ee6e836d20ad6
5,3,7,3,0,1,0,0,26,62,84,10,10,10,0,10,true,276,306,60,45,0,0,0.7,0.6999999999999998,5e745fe9c818102a86a7c858f99a7e6e578c861d87b1d1bba7a16c2baf9af174
5,4,5,5,0,0,0,0,53,107,173,10,10,10,0,13,true,218,248,60,45,0,0,0.5,0.5,3e73c55580a10e450930022ef2933f3717658f878406b34d5d9a09f6e5631077
5,5,8,2,0,18,29,35,9,9,16,10,11,12,18,0,false,357,352,60,45,2,5,0.7,0.7666666666666664,f57fdab76413fd98040afdb3b3120a8a75989766ba0d2bcc65fef453952b4ee0
5,6,6,4,0,0,8,17,22,36,86,10,10,10,0,3,true,323,336,60,45,0,0,0.6,0.5999999999999999,7418334c09695a4199b735107ab2e1dbd0b5ba4f42836cd50338c9672cc7716a
5,7,7,3,0,1,0,0,20,43,67,10,10,10,0,10,true,282,312,60,45,0,0,0.7,0.6999999999999998,5e91f2c76749069915adf8eb1a71cb2b4cec35dd141d4847b57e6aaefed348ff
5,8,8,2,0,12,6,7,8,20,19,10,10,10,4,0,false,322,345,60,45,0,0,0.8,0.8000000000000002,3ec16351816dca947bbb7602bcc2d77b16f78eefcd31af26014c91737f6ed0c7
5,9,6,4,0,0,0,0,37,81,123,10,10,10,0,11,true,248,278,60,45,0,0,0.6,0.5999999999999999,11d89b9b2367f27bcdf9b8cd93ba9d6958750ab4043c19bff364d4f12e1608ad
5,10,8,2,0,3,0,0,25,46,67,10,10,10,0,10,true,275,305,60,45,0,0,0.8,0.8000000000000002,b9cfce441c5783620b275f997d381e77cf7125912c46112f15948a45b2cea4d8
5,11,8,2,0,0,0,0,15,45,75,11,11,11,0,11,true,275,305,60,45,1,5,0.8,0.7666666666666669,52d9a8d61b15b143347b810863c26b7178b1719b1173b69021fde6436428dfa6
5,12,7,3,0,0,13,26,17,53,90,10,10,11,0,1,true,340,344,60,45,1,0,0.7,0.6999999999999998,675e1847d429fd163d057e8a0f24cb017d18dba3ef752b782b343914fa1de01f
5,13,9,1,0,8,0,0,13,22,31,10,10,10,0,8,true,288,318,60,45,0,0,0.9,0.9000000000000002,d6c96e2c28eca473b8b6a891e9704da8e17aac1d9de065fd9b4b605378ff3e94
5,14,6,4,0,9,4,0,19,56,92,10,10,10,0,0,true,315,345,60,45,0,0,0.6,0.5999999999999999,367df3e05d664b6f75523691eb44d20955c7b6195ca08461d9424c3cc3d2f4a7
5,15,6,4,0,0,0,0,24,67,111,10,10,10,0,12,true,255,285,60,45,0,0,0.6,0.5999999999999999,9c0b979caf85e822e2a43701a76e4aa5bfc18ca1b653ec4cd08898a3d02ac876
5,16,7,3,0,3,10,16,9,29,49,10,10,10,3,0,false,331,345,60,45,0,0,0.8,0.7666666666666668,7d7513f507a2245815b2ed49a87848701ec2a354b5fe0b58c4bd574e783d3a7e
5,17,6,4,0,0,0,0,18,54,90,10,10,10,0,11,true,290,320,60,45,0,0,0.6,0.5999999999999999,53af6911f4366141ba591099f0febfcc7e887eef91afbadcd006aeb8958bd48b
5,18,6,4,0,7,0,0,26,58,91,10,10,10,0,8,true,289,319,60,45,0,0,0.6,0.5999999999999999,3fdc0536e8d88e64661ce4d0d535185c61f447cbc7636e8544aaef9c925e8a41
5,19,7,3,0,3,0,0,19,42,66,10,10,10,0,8,true,302,332,60,45,0,0,0.7,0.6999999999999998,0b88df1b400ef7bab0c25eb7bce068fa50f1a5ad0f605625ab3cbf05c69eac50
5,20,8,2,0,8,16,22,3,20,28,10,10,10,8,0,false,337,345,60,45,0,0,0.8,0.8000000000000002,d7a2743ac042a6761c2291b995003e8c0931824e27a5713bd7909f4792296439
5,21,7,3,0,0,0,0,32,55,90,10,10,10,0,11,true,262,292,60,45,0,0,0.7,0.6999999999999998,6c012ac39bbd3dacc985897e713d3dc50ffc7fe538102279587dd5bb538e022d
5,22,9,1,0,0,0,2,16,16,22,12,12,12,0,6,true,320,348,60,45,2,10,0.9,0.8333333333333336,e4107b55431bbddb5cc734a7d0d684bd031de53aef50b4fb94062e992c5df966
5,23,8,2,0,17,17,16,0,30,59,10,10,10,16,0,false,331,345,60,45,0,0,0.8,0.8000000000000002,da9fed4ac93389448121e1087d6fc5f644df2ac5c6ee39c59e97be189556913e
5,24,8,2,0,17,22,42,9,29,54,10,10,12,16,0,false,359,347,60,45,2,2,0.6,0.7866666666666667,249751b0862b0427823eb038285288f8071eebd6d478dd2e1c7e15393a66036e
5,25,9,1,0,8,9,10,2,6,9,11,11,11,7,0,false,339,359,60,45,1,5,0.9,0.8666666666666668,e14ff4054957f6887dd028f72964f13d6214cf4a3e9d843ba13882af07128400
5,26,7,3,0,8,0,0,27,61,95,10,10,10,0,7,true,295,325,60,45,0,0,0.7,0.6999999999999998,3132fb922295da0789137ed411a51ed2a55dcbdc6e8c3c2128543fe2efc3aa64
5,27,9,1,0,6,0,0,3,14,26,11,11,11,0,7,true,317,347,60,45,1,5,0.9,0.8666666666666668,7f37ca05e44103b86ab08d35713098eb8530682e6a5792c8bf663653b1c6d02a
5,28,7,3,0,9,0,0,18,41,63,10,10,10,0,3,true,306,336,60,45,0,0,0.7,0.6999999999999998,3abfd8e1459c0f2b1eb6f3688836527f714e652851fb450a161d8d89ee14f493
5,29,6,4,0,0,0,0,41,80,134,10,10,10,0,13,true,204,234,60,45,0,0,0.6,0.5999999999999999,af7ce4ac51e26fc45f8fbb8cfabfcdd906ce8127a66d2de85da54745923f5ea7
5,30,7,3,0,0,0,0,31,52,77,10,10,10,0,12,true,257,287,60,45,0,0,0.7,0.6999999999999998,57ccf9e16439bebe5645168d194028ffc668ac7f695f2cf6fe61907089d36117
5,31,9,1,0,0,0,0,15,25,35,12,12,12,0,11,true,295,325,60,45,2,10,0.9,0.8333333333333336,45bdf383c85d9837ff96589c3e9dd23e2c11e7e488e0aeccc0f3fb94d04e4055
5,32,9,1,0,6,0,0,4,16,28,11,11,11,0,6,true,320,350,60,45,1,5,0.9,0.8666666666666668,2bf055adebaa45694e94c136a3efec2aa1077cf4a57ce30fa317f23ae9f95a80
5,33,7,3,0,4,5,4,9,33,57,10,10,10,3,0,false,319,345,60,45,0,0,0.7,0.6999999999999998,f91a49628528c219622849d48a8bcdc4da66a9935f1df59629def7d604f36eeb
5,34,8,2,0,8,0,0,23,42,62,10,10,10,0,8,true,291,321,60,45,0,0,0.8,0.8000000000000002,4dc160005a12dfd4c2e08251bed7771531e59165390f74686db70848a941f6ec
5,35,7,3,0,0,0,0,26,54,95,10,10,10,0,10,true,288,318,60,45,0,0,0.7,0.6999999999999998,be6fbf496fd4a62156a1409f4d561b4ac3f1f92a971fcb16d2c36dbaba7067d7
5,36,7,3,0,6,0,0,18,40,62,10,10,10,0,7,true,298,328,60,45,0,0,0.7,0.6999999999999998,ab7985cc83e2771baffa34b1ea92792cabef4cd9c23800a1dc861da0e52aef18
5,37,9,1,0,14,1,0,15,25,36,10,10,10,0,4,true,305,335,60,45,0,0,0.9,0.9000000000000002,d0b6fd953c6cc6f40d5fd3417c781266af8fefd6f6726f3a05ee575cd74fdaa1
5,38,5,5,0,0,0,0,33,67,114,10,10,10,0,11,true,279,309,60,45,0,0,0.6,0.5666666666666665,db042e345b6df3b661070917249d22771fc0831c42aa1b6a44c9f48539a5b294
5,39,6,4,0,0,0,0,24,72,120,10,10,10,0,12,true,266,296,60,45,0,0,0.6,0.5999999999999999,f91d9a4300994f56308f90bb3e496b0ca2cd5b68e95a13f4fe2a3f0717d08605
5,40,9,1,0,1,0,0,14,16,31,11,11,11,0,8,true,312,342,60,45,1,5,0.9,0.8666666666666668,89ed1d4dfe698312d02b604c3915c5f0665cae4aea42981a4e16fa1d3a788ce4
5,41,9,1,0,12,13,19,15,12,18,10,10,10,9,0,false,334,345,60,45,0,0,0.9,0.9000000000000002,377330d1c5e0ff02ebba355239fb8ee5926e0b64545b6bcc7fd6b643a7621679
5,42,6,4,0,0,0,0,35,78,106,10,10,10,0,11,true,268,298,60,45,0,0,0.6,0.5999999999999999,58c41e09714cdbfd1a6ab5fa0f9a0c5bca612aca035fba499605c7c0368e703b
5,43,8,2,0,18,21,22,12,28,42,10,10,10,18,0,false,337,345,60,45,0,0,0.8,0.8000000000000002,f98916f06f15abc4af3a103b331a180bd76342c62da390d72144c84e74c28159
5,44,7,3,0,6,0,0,17,39,51,10,10,10,0,7,true,295,325,60,45,0,0,0.7,0.6999999999999998,060b4f961d692b1abf1fd8fec61b2ff4cd8282c2bc8b55f53df01e37dda806a2
5,45,6,4,0,0,0,0,32,76,111,10,10,10,0,12,true,241,271,60,45,0,0,0.6,0.5999999999999999,2f61c1e64ce7f36fb7007ad70449b8dac8e847cc5db2fb3c4935ff045831bc89
5,46,7,3,0,3,0,0,24,55,86,10,10,10,0,9,true,279,309,60,45,0,0,0.7,0.6999999999999998,5c3873d16820614981f1fc44fcc93302b057a8d7f1559ebd8df8f9750e3c13cd
5,47,6,4,0,0,0,0,29,58,92,10,10,10,0,12,true,281,311,60,45,0,0,0.6,0.5999999999999999,c244e5bf7627d9ab17bf4220d4acdead55aee95b15a55585e41214bbf0fcfe89
5,48,10,0,0,21,16,12,5,5,5,10,10,10,12,0,false,327,345,60,45,0,0,1,1,b80f91d2076682376ac060ba2d607a9f88130fc928323870f62f59412ec39ba7
5,49,6,4,0,0,0,0,34,77,131,10,10,10,0,11,true,254,284,60,45,0,0,0.6,0.5999999999999999,d9b8559fb451b6ed8c248beb5e3187f25cced28298029fe8d3cedaf843f4a96f
5,50,5,5,0,0,0,0,27,73,120,10,10,10,0,11,true,276,306,60,45,0,0,0.5,0.5,d4ab1b7ff92d00d8e58d33d1bb9e06561a88eb2309eedfec2f05e87d089793a0
5,51,8,2,0,3,0,0,13,26,40,10,10,10,0,6,true,308,338,60,45,0,0,0.8,0.8000000000000002,9faa60fe170aaa2bf4a37d7879924f091449fbda7fee356d7c8b623cd9495226
5,52,6,4,0,0,0,0,36,59,87,10,10,10,0,12,true,249,279,60,45,0,0,0.6,0.5999999999999999,cfd5267da36c84254489440d553d61f21d8c01487b0c42b65830efe3f20159fe
5,53,5,5,0,0,0,0,43,94,155,10,10,10,0,13,true,240,270,60,45,0,0,0.5,0.5,c7abdc42a8a119ae302732fa02bfdde37e2b36f254f78b0ffb8dc394c7f6c919
5,54,9,1,0,11,0,4,14,13,18,10,10,10,0,3,true,313,339,60,45,0,0,0.9,0.9000000000000002,6f87eff601b70aea9e93b7c7cbe9e455c6559c32c7fd92cd18ea95f4198167e5
5,55,8,2,0,9,0,0,27,49,72,10,10,10,0,8,true,288,318,60,45,0,0,0.8,0.8000000000000002,de5e830f7654df3cfad355eed07e8329562b78891b74bb85ae21ee31e28b7c61
5,56,10,0,0,22,18,11,5,5,5,10,10,10,11,0,false,326,345,60,45,0,0,1,1,61ba7b1a3e22d0c867c26b48a48f6b6de177b5acdae3c0da7b24b0b8082f8764
5,57,7,3,0,9,12,15,7,26,44,10,10,10,7,0,false,330,345,60,45,0,0,0.7,0.6999999999999998,4b35aa87d445ee98491807985394a67b223f2449ef21bd9a4d209acb6a82b3e5
5,58,4,6,0,0,0,0,48,108,181,10,10,10,0,13,true,215,245,60,45,0,0,0.4,0.4000000000000001,226be98812a247f541ffa802e6b6c88e35f79d22684a243d36728655f79d2f59
5,59,10,0,0,22,16,11,5,5,5,10,10,10,11,0,false,326,345,60,45,0,0,1,1,301e043a476632dc616fa0e87d37b74f01f090648f7b0f9fd92e555b8b9fdd5e
5,60,7,3,0,12,18,20,9,28,46,10,10,11,8,0,false,337,347,60,45,1,2,0.6,0.6866666666666666,9ed00b2814dfeea0a6cd91743ac3ec26b6d4b138823fbdc986d9365b876bd241
5,61,5,5,0,0,0,0,29,77,123,10,10,10,0,12,true,249,279,60,45,0,0,0.5,0.5,bd9207b9bbcad1a3d042e4ac6329086073ce47a8ac3829c8c815a11721da457c
5,62,7,3,0,6,7,9,10,36,62,10,10,10,6,0,false,324,345,60,45,0,0,0.7,0.6999999999999998,014009a5ed161b1fdf60a305187a4ff8cb86e44347d0e8ed81cb0bd967a8ce8e
5,63,6,4,0,0,0,0,41,71,113,10,10,10,0,12,true,225,255,60,45,0,0,0.6,0.5999999999999999,2ba045a4396bc36754512ee506b6f4bbbb980536e7d5dddbeadc3e55893a14bd
5,64,8,2,0,8,0,0,21,39,56,10,10,10,0,8,true,287,317,60,45,0,0,0.8,0.8000000000000002,0d1a2dd5e38a769c2725444078b0f6789b4867b72bec74645ac3cf78741d03c2
5,65,7,3,0,7,9,17,12,31,61,10,10,10,5,0,false,332,345,60,45,0,0,0.7,0.6999999999999998,23530f649482bd91c5703632e8644c24078bcf5b833cd71c2b0d42a8483f7d4d
5,66,10,0,0,8,0,0,5,5,5,12,12,12,0,6,true,333,363,60,45,2,10,1,0.9333333333333333,14383e3163f6b15aa3757a15ad2c83b01f14567bf5820174ae9a2bbc70eb2d78
5,67,8,2,0,12,14,13,4,21,38,10,10,10,11,0,false,328,345,60,45,0,0,0.8,0.8000000000000002,c65df9ff2761723d7ca029af9f5e794bfc10d0bb784e84093c4f52f7aa28d947
5,68,8,2,0,15,8,2,16,40,64,10,10,10,2,0,false,317,345,60,45,0,0,0.8,0.8000000000000002,8648359273c7fe50fd07af40928448d450a8ae7973c2124f62d3e594140ae97b
5,69,7,3,0,0,0,0,31,59,86,10,10,10,0,11,true,249,279,60,45,0,0,0.7,0.6999999999999998,5076f9213759153bfc5c181303d0662690656ca4f256a1479326e8e2e7ad2aaa
5,70,5,5,0,0,0,0,37,80,123,10,10,10,0,11,true,262,292,60,45,0,0,0.5,0.5,d8893ec61c464d44655165c92f8006b973ff7ab8268064df513b82112d46de29
5,71,6,4,0,0,0,0,20,70,117,10,10,10,0,12,true,279,309,60,45,0,0,0.6,0.5999999999999999,2fadb9b61a123f794d7d53c40adbecac543c61c03896f0cedf40e27a889b5fe5
5,72,9,1,0,19,20,23,15,13,15,10,10,12,14,0,false,342,349,60,45,2,4,0.8,0.8866666666666669,7ad6cf608823b4ac00b931b17d56091c89a9413cb1527fa8f32b87199ff9a751
5,73,4,6,0,0,0,0,62,135,196,10,10,10,0,13,true,176,206,60,45,0,0,0.4,0.4000000000000001,48847897fa7e977a705e96479f70b323f4794359cebb173f343796284d8dbf5e
5,74,6,4,0,0,0,0,19,59,99,10,10,10,0,11,true,264,294,60,45,0,0,0.6,0.5999999999999999,717bab193ccd2a79de368e3075539f3c5ab50c64126b31d25ab03dad8e4f80c1
5,75,8,2,0,0,0,0,22,31,44,10,10,10,0,10,true,278,308,60,45,0,0,0.8,0.8000000000000002,b6188bf4a29bd5ea5e9b2b63dade61dc42556e66c5f47d49a00b7b0d6b29d944
5,76,9,1,0,4,0,0,13,22,31,11,11,11,0,10,true,307,337,60,45,1,5,0.9,0.8666666666666668,30091f18096371d2774a0ceebe9013830b18355163370511ba5feca8d39d5e06
5,77,9,1,0,19,16,8,3,8,12,10,11,11,8,0,false,330,352,60,45,1,5,0.9,0.866666666666667,38b58b9d8e15d9f32959763caf6adf4bb9db57b54cf348e8599a62489a3cfa1d
5,78,7,3,0,7,0,0,14,50,85,10,10,10,0,7,true,303,333,60,45,0,0,0.7,0.6999999999999998,f7fce2359f07f39b3dde4855d1044c180312d4d39c97c3ba9308271d1c7b2ea8
5,79,7,3,0,0,0,0,26,65,105,10,10,10,0,10,true,262,292,60,45,0,0,0.7,0.6999999999999998,beed3345961ce1126c902e94b33d503ca5ba278aae8b171f9dd69ff970b97559
5,80,7,3,0,6,0,0,18,40,53,10,10,10,0,3,true,308,338,60,45,0,0,0.7,0.6999999999999998,d64dc60d7388af9b3fa8e5b667edc6425ac38743ea46251024c4fc505d2721e6
5,81,4,6,0,0,0,0,39,97,167,10,10,10,0,13,true,262,292,60,45,0,0,0.4,0.4000000000000001,f3374b7669699b83f9016e1d91a41b78274f75ea0f51ca878c9127dca67137d4
5,82,8,2,0,20,29,8,10,17,35,10,10,13,8,0,false,332,354,60,45,3,9,0.5,0.7399999999999999,0cdece322bc3e37f545e958035fe05e8875d4dd04eca2d78bf5be9ec596f925f
5,83,7,3,0,0,0,0,32,54,88,10,10,10,0,12,true,239,269,60,45,0,0,0.7,0.6999999999999998,34843249bc12f97de745e8e227bf594bb7b270b66bcbda4797a05d57e10b9e78
5,84,9,1,0,14,16,27,11,5,6,10,10,10,10,0,false,342,345,60,45,0,0,0.9,0.9000000000000002,fe49bbd05577e3ee2e979b50042a8b306591f73e08c6d5c17f27fbb15883b075
5,85,8,2,0,7,0,1,19,34,35,10,10,10,0,5,true,301,330,60,45,0,0,0.8,0.8000000000000002,bc985d0b1824607863926559670d0b40f3f19ec46f404318912a16b85c772132
5,86,4,6,0,0,0,0,47,103,158,10,10,10,0,13,true,197,227,60,45,0,0,0.4,0.4000000000000001,b29f1177a2f6b2398780ce93eaa9596477f57bb0056fe030204e6bdf912c486b
5,87,7,3,0,0,0,0,8,31,54,10,10,10,0,8,true,298,328,60,45,0,0,0.7,0.6999999999999998,357d5a3458c4dc6c0cbd349199741fbc2f3042127cec1b30446ba66f171a328d
5,88,7,3,0,19,19,19,8,29,49,10,11,11,16,0,false,342,353,60,45,1,5,0.7,0.6666666666666664,27703e1a21f7f7934d5236c7249a1395b75d76b6884a2bded822bd4e0b256e51
5,89,7,3,0,19,22,23,22,35,57,10,11,11,17,0,false,345,352,60,45,1,5,0.7,0.6666666666666665,7562f68ed51db2d779c120bbc48e9644e5dd32f66602744828f163082fa4fac0
5,90,8,2,0,9,1,1,20,23,34,10,10,10,0,1,true,314,343,60,45,0,0,0.8,0.8000000000000002,a90568b348b53af059b7aff7715feae3898ea60f49568b10d443556daf019e85
5,91,9,1,0,18,7,0,6,13,21,11,11,11,0,1,true,328,358,60,45,1,5,0.9,0.9000000000000002,7d2ddc72b25bba63ebfa55bb929f8ca3298f8e34be001eac5a638e28e13e5b4d
5,92,7,3,0,0,0,0,31,58,72,10,10,10,0,11,true,269,299,60,45,0,0,0.7,0.6999999999999998,fe134e898e5af8625cc91515a9eb8e3eca5268dad6c50ada51730ac31465f321
5,93,7,3,0,0,0,0,22,41,66,10,10,10,0,11,true,283,313,60,45,0,0,0.7,0.6999999999999998,813d8f204b95223a3f3177b8f7d7d45280028e8570319cb113251d864e15062a
5,94,9,1,0,16,22,29,4,9,13,10,10,10,16,0,false,344,345,60,45,0,0,0.9,0.9000000000000002,4abefec9d1baa0beb3ced80fcaa76534a712efc11c2af3ba8e4d6a5a3809f379
5,95,6,4,0,0,0,0,23,60,96,10,10,10,0,11,true,280,310,60,45,0,0,0.6,0.5999999999999999,679e07e97e78e2e0855eec13f232669e8467b8e234202efb62d32e168a6acc2c
5,96,7,3,0,0,0,0,23,57,75,10,10,10,0,9,true,282,312,60,45,0,0,0.7,0.6999999999999998,dabb6de01a0689486679ce2d2364008068ef4bccf7c35bb02e692d26a493ba55
5,97,5,5,0,0,0,0,37,100,163,10,10,10,0,12,true,233,263,60,45,0,0,0.5,0.5,7d11a96c139603a625613c0c288d18ef3837ae9208fcca3cc5e33e31b2504b9f
5,98,6,4,0,1,5,11,7,39,72,10,10,10,0,0,true,326,345,60,45,0,0,0.6,0.5999999999999999,dfc3fec9563106d99b095abe8bcc7806c95b06d3a0c07c30c903800a3fe2eebc
5,99,6,4,0,0,0,0,28,61,94,10,10,10,0,11,true,267,297,60,45,0,0,0.6,0.5999999999999999,f2a83102baabd05467777f1647ad8c0fc5a8f17afdff04f3ddbe80b3cc320c09
6,0,9,1,0,30,30,21,3,8,12,11,13,14,21,0,false,369,378,60,45,4,18,0.8,0.78,2b1efb30f7416f702163837b32701ac17a0c8fb4397c8f22f8911bea0c4947f5
6,1,10,0,0,25,24,19,5,5,5,12,12,13,19,0,false,364,375,60,45,3,14,0.9,0.9066666666666667,a91ad6b2393402e0fb3b41ff62abda6a3d790ecb69a969a68136071ea711ffa2
6,2,6,4,0,8,1,5,28,76,118,10,10,10,0,1,true,318,343,60,45,0,0,0.6,0.5999999999999999,5c3f2e9b2126628ebb8e91ab3d5efdb2bcd675bc26f44695458f2d9b0c34cfe5
6,3,7,3,0,0,1,4,20,40,70,12,12,12,0,5,true,324,350,60,45,2,10,0.7,0.6333333333333333,41a108cd5a662909d572e7dbc910f99698ddc56b998b6bb936d940fb613d89fe
6,4,5,5,0,0,0,0,53,107,173,10,10,10,0,12,true,249,279,60,45,0,0,0.5,0.5,e88604e120064aaf15b090bbcb8b3fa16d716a8c949bc528e5c221b76a48aad6
6,5,8,2,0,17,10,48,15,13,23,12,12,13,6,0,false,388,370,60,45,3,12,0.7,0.72,d4e2aa1adbb98175227ba63444dd8dcc905298d4bb1380279ffb0767fc2785ed
6,6,6,4,0,7,24,23,22,46,61,10,12,12,5,0,false,349,356,60,45,2,10,0.6,0.5666666666666667,5e65e9f0b9c78304e6147b66b738b18dea48fe065eb8fe287d4fbb6c633701d8
6,7,7,3,0,15,13,11,20,43,67,10,10,10,10,0,false,326,345,60,45,0,0,0.7,0.6999999999999998,12275065488a593dcc0cf044b7921bae067bafa22d3f90265a384f169de1ecec
6,8,8,2,0,20,16,18,4,12,24,12,12,12,13,0,false,358,370,60,45,2,10,0.8,0.7666666666666669,0413adc7b08bf532c0adc919f42d9ddd275ffe55120bdd0aa6bd5548c8d04f54
6,9,6,4,0,0,0,0,37,81,123,11,11,11,0,11,true,273,303,60,45,1,5,0.6,0.5666666666666665,31516fa95d6a626b4a74f5096151dfc6f8ba5092be6dc4aca3e201ebea65a220
6,10,8,2,0,0,0,0,25,46,67,13,13,13,0,12,true,284,314,60,45,3,15,0.8,0.7000000000000001,7ad399901fcf9aea491334c807374e3260571c51c0306c3091e5651e7365ef6d
6,11,8,2,0,9,0,0,15,45,75,11,11,11,0,6,true,319,349,60,45,1,5,0.8,0.7666666666666669,2bedb93740aabb7c0d026e9627610017e23b217824e147179443a76d97312950
6,12,7,3,0,13,33,0,17,60,93,10,12,13,0,1,true,328,358,60,45,3,14,0.6,0.6400000000000001,ec3b131b6115a74bea0c2b302eca2f6b3d3b8f509ee82b92117dc016309c0c1d
6,13,9,1,0,13,23,23,3,7,11,11,11,12,12,0,false,355,362,60,45,2,8,0.8,0.8466666666666669,19fd1d72accdcde20f0619b339fdbdf7682f0db8b00ce80a8642819198aa0638
6,14,6,4,0,22,19,22,19,56,92,11,11,12,18,0,false,350,358,60,45,2,7,0.5,0.5533333333333332,dc3b102933cab615f405438892dbe1e3b4e8494635977eb850c0ec099818950e
6,15,6,4,0,4,0,0,24,67,111,10,10,10,0,7,true,296,326,60,45,0,0,0.6,0.5999999999999999,e5520ae95fac0a436c6ecd5f517fcd7ebbeca30c63dd01b813ed367c1c798185
6,16,7,3,0,12,31,54,12,32,52,11,11,11,11,0,false,383,359,60,45,1,5,0.8,0.7333333333333335,1b7fd4ad6fd8f04501b26b4c1f5731bb3e44e924fe87438c6e46ee889eaecba6
6,17,6,4,0,12,18,24,18,54,90,10,10,10,12,0,false,339,345,60,45,0,0,0.6,0.5999999999999999,68ec020870036cebeed1ca9a0c0f44ea70717c83e8ee85aa48c98978b95121a4
6,18,6,4,0,22,22,0,26,58,81,10,10,11,0,1,true,315,345,60,45,1,4,0.5,0.5733333333333331,3261a05081d9322e551189252421ffd29fb2f7b12651cee757521fe0884dfb27
6,19,7,3,0,0,3,6,31,45,69,11,11,11,0,2,true,327,351,60,45,1,5,0.7,0.6666666666666666,120bbf63c9de8a2b6c61347ea78c9ae2b8263c1978efc2b35bff7e1c91923427
6,20,8,2,0,17,32,34,3,13,2,11,13,14,15,0,false,378,374,60,45,4,17,0.8,0.7333333333333332,c1804c70f4c83bac1bdf7f739eccb93ed74733f1c0e4e9f136f2ba3c3a0945ad
6,21,7,3,0,7,0,0,32,56,91,10,10,10,0,4,true,306,336,60,45,0,0,0.7,0.6999999999999998,718d09bd4d1c95ea820a066ef3a9c6f56f11609b35400442fb7f604c134b0ddf
6,22,9,1,0,8,7,30,16,16,22,12,12,13,3,0,false,373,373,60,45,3,10,0.9,0.8333333333333336,d0f90de651e877f09dbf70a1315398b1dcac02fb86762a3cfb81e939670815ed
6,23,8,2,0,19,41,46,5,24,44,11,11,12,16,0,false,378,362,60,45,2,8,0.7,0.7466666666666666,8fd8410279fcd6097f45c4f0a6ea125d1d4c32feaa1a087fbad33527bbdc7735
6,24,8,2,0,38,19,8,11,27,42,10,14,14,8,0,false,356,378,60,45,4,18,0.8,0.6799999999999999,c12a688a3997c65c727e06b24b27e360542b15474b1fc7097ed4ee1112bbbbfe
6,25,9,1,0,21,31,9,1,5,8,12,14,14,9,0,false,362,383,60,45,4,20,0.9,0.7666666666666667,dbac8d0461dc279abcc1543daafa79a2f87d96862f4c35747f485c8d13b3f6bd
6,26,7,3,0,13,23,31,16,38,61,11,11,12,13,0,false,360,359,60,45,2,5,0.6,0.6999999999999998,018539f1cee46688ebcd4f1fbef12fbaa8e012bdcbeb0621ee5eda5c0453053c
6,27,9,1,0,18,25,17,2,5,8,12,14,14,15,0,false,370,383,60,45,4,20,0.9,0.7666666666666665,b1da401a8d6bc267ccb824367566816c851d58708eb23e196bd55996e55a306c
6,28,7,3,0,22,17,19,18,41,53,11,11,11,16,0,false,345,356,60,45,1,5,0.7,0.6666666666666665,7dded6788dd36c509de3faf10d189d393a651b464cc0d7a30cea7c150bf6da06
6,29,6,4,0,0,0,0,41,80,134,10,10,10,0,12,true,233,263,60,45,0,0,0.6,0.5999999999999999,6259848be04d25a6de26fae4323389c87bdb210baa084e8e05970a56a32e9ac6
6,30,7,3,0,1,0,0,31,52,77,10,10,10,0,7,true,298,328,60,45,0,0,0.7,0.6999999999999998,4bac1e80b39477746acf84f1e8da9c64e13421d2b9b893bcd73b889eb41d292e
6,31,9,1,0,8,2,1,15,25,35,12,12,12,1,0,false,344,373,60,45,2,10,0.9,0.8333333333333336,7c554014454119e867f68fc80034e9ba2cd34b58ba4d2cdd9064d0e57b3c5c92
6,32,9,1,0,9,23,31,3,6,10,12,12,14,9,0,false,378,377,60,45,4,14,0.8,0.806666666666667,88d4be076aa74a8611c1c30fb4a03268c9e60f23e334ad5e1af20ddf36b8cd0d
6,33,7,3,0,25,30,17,5,13,32,11,14,14,17,0,false,363,376,60,45,4,18,0.7,0.58,33272e8dc7cd5c24abb36f8e9e0b355befb434cbce9904807b46a81a9957eef4
6,34,8,2,0,12,4,0,23,42,62,11,11,11,0,2,true,327,357,60,45,1,5,0.8,0.7666666666666669,563745276bc357bbd732830dff1a5f06c29efc5a6fb6543797afed934009e324
6,35,7,3,0,21,23,35,11,42,73,11,11,12,20,0,false,361,356,60,45,2,5,0.6,0.6666666666666665,7e5e6a319c5dcbfe693da984bd1c6bfc5802e0531e6ce6bce6b0257752ee28ad
6,36,7,3,0,4,0,0,24,38,60,11,11,11,0,5,true,313,343,60,45,1,5,0.7,0.6999999999999998,efd0ec159039210921712f964e4e4da098b76fff2d672e0d86e8dc8bcb9ec3cf
6,37,9,1,0,1,0,0,15,25,36,13,13,13,0,10,true,321,351,60,45,3,15,0.9,0.8000000000000002,22913539ee3b99cc4921f25ff78287eaab6cab454c3660aa3240ce69db98bd9b
6,38,5,5,0,10,9,7,33,67,114,10,10,10,7,0,false,322,345,60,45,0,0,0.6,0.5666666666666665,8b71791869a36ad8a71ec00180390aa0ec47adc3920a9904aef82375bba726e1
6,39,6,4,0,6,0,0,24,72,120,10,10,10,0,5,true,307,337,60,45,0,0,0.6,0.5999999999999999,87cdc365474d42b7fec8edade6a78cb411c63245cf89d55981e380fffa11de75
6,40,9,1,0,12,21,19,2,7,11,12,12,13,10,0,false,366,377,60,45,3,14,0.8,0.806666666666667,3ca64016bf5c01185c9940f1aef10bcd398580188772cfe765fb413b3a066aac
6,41,9,1,0,13,7,3,15,26,37,11,11,11,3,0,false,332,359,60,45,1,5,0.9,0.8666666666666668,a51315ce0c7802171f901419e007ca9672c8f115ba6b1a2e6d8381a24d1cd071
6,42,6,4,0,9,0,5,35,78,106,10,10,10,0,4,true,309,334,60,45,0,0,0.6,0.5999999999999999,1f137dd6554da0e2e688cc580119459d6bbceaf79c2bbec320bfc15b06a81988
6,43,8,2,0,14,27,44,14,30,44,11,11,11,14,0,false,373,359,60,45,1,5,0.8,0.7666666666666669,690ccd6500abca749c333f844dae54046b1d03673dc6e365c25ddbac8c9c650c
6,44,7,3,0,20,23,12,17,39,58,10,11,11,12,0,false,332,350,60,45,1,5,0.7,0.6666666666666666,6dc3c054bc919bafff0371bf5fa626895efc8c889d04e21de109162d35da89a6
6,45,6,4,0,2,0,0,32,76,111,10,10,10,0,10,true,278,308,60,45,0,0,0.6,0.5999999999999999,054fc70eba276a096f8b48386afae1e42cd5cb600eb7f0f5a261d5e2dde513e6
6,46,7,3,0,13,14,17,18,40,62,11,11,11,12,0,false,346,359,60,45,1,5,0.7,0.6666666666666666,58b243c2d134355f92416869c1e659fcde74308b6ae3023c23c25b4af8d5233a
6,47,6,4,0,2,5,13,29,58,92,10,10,10,0,1,true,326,343,60,45,0,0,0.6,0.5999999999999999,b42dd9618070eb172635b16f13c426230361c80ab526b38629a67bbf6397e0ae
6,48,10,0,0,30,19,23,5,5,5,12,12,12,19,0,false,361,368,60,45,2,10,1,0.9333333333333333,435c8f1d6ca1f2091879bf5e349bbca775db9a26ce1b3c75a8e42acbc82fb448
6,49,6,4,0,0,0,0,29,86,141,11,11,11,0,12,true,281,311,60,45,1,5,0.6,0.5666666666666665,5eae6e7f4ce295fe80e489ce438dfcaa38ab3be48b7d5b2fd1cefccae311811b
6,50,5,5,0,12,8,4,27,73,120,10,10,10,4,0,false,319,345,60,45,0,0,0.5,0.5,93498ff6a9d999351a6e992df5ae2ad2ecbc08993bc514753926f390505b41ca
6,51,8,2,0,21,24,28,12,19,17,10,12,12,19,0,false,358,360,60,45,2,10,0.8,0.7666666666666665,4f18f9652adc4aedd81ca954c38b9f13986f6d0db505ec26553d3748f085c825
6,52,6,4,0,2,0,0,36,60,98,10,10,10,0,10,true,278,308,60,45,0,0,0.6,0.5999999999999999,0f9ec6c242d205abef447a33cac6aa7ecec3d3b39f40c93459974d5d902c0943
6,53,5,5,0,0,0,0,43,94,155,10,10,10,0,12,true,276,306,60,45,0,0,0.5,0.5,50586f82383181cd8c97e4c4e12fd6bf61c0e6a25bd1f10e90dc7b1d968461d4
6,54,9,1,0,24,8,19,3,7,12,12,12,12,8,0,false,356,367,60,45,2,10,0.9,0.8333333333333335,e099399bc758970f17213d21085434b9be00e19ae56ad25e180d96dc47840c23
6,55,8,2,0,10,0,6,19,37,47,12,12,12,0,5,true,335,359,60,45,2,10,0.8,0.7666666666666669,2690983b8ccb8f354c93bf30b2c73e7c3a1e21f0c89690958deaa8977cbda900
6,56,10,0,0,33,23,24,5,5,5,11,12,12,21,0,false,360,366,60,45,2,10,1,0.9333333333333333,a9f32fbddf7b6c3f43eceda969b1c57d72ad40be7de3786b28201ef4ba49e35e
6,57,7,3,0,16,16,20,19,43,66,10,10,10,14,0,false,335,345,60,45,0,0,0.7,0.6999999999999998,7878ca0f7ecc89de00b81401cf9bb6c5a43e5998d57bb52a7b9a44c65fc237fd
6,58,4,6,0,0,0,0,48,108,181,10,10,10,0,12,true,246,276,60,45,0,0,0.4,0.4000000000000001,af417514e44acafb191a78df2e29cbf0d09b0c8bdf161720c5a85eb6cec0f36b
6,59,10,0,0,20,3,3,5,5,5,13,13,13,3,0,false,355,382,60,45,3,15,1,0.9,6c9b4635db6070b08a385361f0c74597ea1661291e875562464500916a2be715
6,60,7,3,0,9,24,27,15,24,43,11,12,13,8,0,false,363,366,60,45,3,10,0.6,0.6666666666666666,c294e40659da6c1a7adbb06bef4058fac8d4d43580204cfd33aaefe80902ae20
6,61,5,5,0,3,0,0,29,77,123,10,10,10,0,9,true,286,316,60,45,0,0,0.5,0.5,8fd83f151b2e6477e7ee79e36ac29d140c7449bd2fe1c9da78b87a7e1439a419
6,62,7,3,0,0,4,7,22,45,68,11,11,11,0,2,true,328,351,60,45,1,5,0.7,0.6666666666666666,ef5340f6a1481f02f283dacf2e5cd813ebbf1c83ec10bb096809470eeea1c257
6,63,6,4,0,0,0,0,41,71,113,10,10,10,0,11,true,260,290,60,45,0,0,0.6,0.5999999999999999,0bb7b859aa7abdf819af04f61569e2d40db01f2295edb0ceaab771466b928b9a
6,64,8,2,0,12,2,0,21,39,56,11,11,11,0,4,true,322,352,60,45,1,5,0.8,0.7666666666666669,985827617f2c93b4ca5fab4277984434b2846af522ffbd125c9353bcb95a043f
6,65,7,3,0,23,0,6,12,32,61,10,13,13,0,3,true,320,344,60,45,3,15,0.7,0.6000000000000001,33434c93efb9fccfe858a2843669dfacd054732cf588ada84c5bfbf652566211
6,66,10,0,0,24,23,25,5,5,5,12,13,13,20,0,false,376,381,60,45,3,15,1,0.9000000000000001,bcaedd6ce42962d8758b0d357e0c8b54ba613d3930c47a383ef50457fd47ae9c
6,67,8,2,0,11,23,29,15,23,40,11,11,12,11,0,false,360,361,60,45,2,7,0.7,0.7533333333333334,d633ce2ff90bad664e325f41b34fb5e1036803ccf0223fda7dcc2b8711764a39
6,68,8,2,0,29,23,30,8,17,31,12,13,14,23,0,false,378,378,60,45,4,15,0.8,0.7333333333333336,416b0868e567f048d52a2144f56773db4174de3d46e7520f8108b4d1349274f9
6,69,7,3,0,2,0,0,24,50,77,11,11,11,0,10,true,287,317,60,45,1,5,0.7,0.6999999999999998,6bd66c29c302c0831e4885f1e9e9649fa109a3eabc3c34d354f7211eda218901
6,70,5,5,0,12,0,0,37,80,123,10,10,10,0,6,true,301,331,60,45,0,0,0.5,0.5,2ef93081cfef092378096d8bd7fcf48647603a45f27f795afe80925453c37385
6,71,6,4,0,7,8,9,20,70,117,10,10,10,6,0,false,324,345,60,45,0,0,0.6,0.5999999999999999,5f61ab068f066e04a292152fe68e31ff45cb9b1d1b29a0dd30c6cd792dcaf164
6,72,9,1,0,24,22,17,0,9,19,13,13,13,17,0,false,368,381,60,45,3,15,0.9,0.8333333333333336,299e7638fea77ce9f13b288205ab2fed3047245cb61d8c21772e3808c8db4d5b
6,73,4,6,0,0,0,0,62,135,196,10,10,10,0,13,true,200,230,60,45,0,0,0.4,0.4000000000000001,a87573de39b016ddd1a06655b10af62a592be3154fe9ca61707b5674c06f9f7a
6,74,6,4,0,9,1,0,19,59,99,10,10,10,0,5,true,307,337,60,45,0,0,0.6,0.5999999999999999,42f3a217379432f47519d4949d2ca153696a648ee0f8d8821b22ae9cce0e72bd
6,75,8,2,0,12,16,21,22,27,40,10,10,11,9,0,false,337,346,60,45,1,1,0.7,0.7933333333333333,c4f0f7d991ebdfa5509f5d09b2f58b9578d2e7e51c6f0ff795c9066d0ea22cea
6,76,9,1,0,8,1,2,13,22,31,12,12,12,0,1,true,343,371,60,45,2,10,0.9,0.8333333333333336,e728f1a53eb7baf078d1a954733991020d2fa6a5a88b7484c6d02cfc498deb6b
6,77,9,1,0,7,0,12,15,25,20,12,12,12,0,4,true,347,365,60,45,2,10,0.9,0.8333333333333336,fcd85ce362fb5243b0be1c411122eec9dad9700d3d96a37a08dca6b7290ad62b
6,78,7,3,0,23,10,0,16,41,77,11,12,12,0,2,true,330,360,60,45,2,10,0.7,0.6666666666666664,1987c00e8cd80c16b2689a5ba253e24dd791af7a74ff967a73880aa3bc17031a
6,79,7,3,0,10,0,0,17,50,88,11,11,11,0,7,true,302,332,60,45,1,5,0.7,0.6999999999999998,ae40bcfd0d23ed39e0b51c9471625101435bb06d34a14d0680b539edcc74790b
6,80,7,3,0,3,4,16,22,40,64,11,11,11,0,3,true,341,355,60,45,1,5,0.7,0.6666666666666666,10c0b3d0029d1336411ee388ade89206709481c0c800b1fd2c4a59226e3ff208
6,81,4,6,0,0,0,0,39,97,167,10,10,10,0,8,true,302,332,60,45,0,0,0.4,0.4000000000000001,6a635760152a87fbc19ec1a71a266c24c2e6fe82f545dc6efbc6652fdfd5ad3b
6,82,8,2,0,10,12,38,23,31,38,11,11,13,4,0,false,367,359,60,45,3,5,0.6,0.7666666666666669,a31cdc5a42c3617c3d08b2ca1272eb002a9d75f8bbf7cb570454c4cd5e543da8
6,83,7,3,0,0,0,0,32,54,88,10,10,10,0,11,true,276,306,60,45,0,0,0.7,0.6999999999999998,b715ed83c440deb40869e237448452c70a078a6ff609214c4f152c736247bca6
6,84,9,1,0,31,6,9,0,2,3,11,14,14,0,1,true,361,382,60,45,4,18,0.9,0.7799999999999999,ca3417e025c36dfecbd5ff43a441d75200c41a7faf36c98928132dbdbf739198
6,85,8,2,0,17,3,8,19,34,36,11,11,11,0,0,true,335,357,60,45,1,5,0.8,0.7666666666666669,bad6eab338cb593d00a11fb867584dbc36d6a6c940c1b372800c6c2b36462672
6,86,4,6,0,0,0,0,47,103,158,10,10,10,0,12,true,224,254,60,45,0,0,0.4,0.4000000000000001,92cf86283abb6a8b9ff3194efa1fc21d5cbd33139bcfebede0de1e23c6e706dd
6,87,7,3,0,13,25,12,7,30,53,10,11,11,11,0,false,332,350,60,45,1,5,0.7,0.6666666666666666,5efb9ef32ed8cc61e297ea746c7391b9cbb8c95fb5e7ca69fd9c8454b4d0db23
6,88,7,3,0,18,16,16,20,46,71,11,11,11,14,0,false,344,358,60,45,1,5,0.7,0.6666666666666666,46d2c1e65dd1adff7f115a8c84fee790dd813f6ed7ddcb405510462919eace8e
6,89,7,3,0,24,16,26,14,47,79,12,12,14,14,0,false,368,372,60,45,4,13,0.5,0.6133333333333333,876afb89beaa7fb911d0995d6daa119d54595be84f2f7e26562b360f76a25cbe
6,90,8,2,0,23,36,43,8,13,17,11,11,13,23,0,false,374,361,60,45,3,9,0.8,0.8000000000000002,221f365e0eba0a59146b484ce220d57603b6e480a0b4fc695a322f501b57ebcc
6,91,9,1,0,32,0,0,6,13,21,13,14,14,0,5,true,347,377,60,45,4,20,0.9,0.8000000000000002,5734f2b5ebc161748bd489cd902cfea05ca3a47c92210ed62f95d31661cca764
6,92,7,3,0,12,7,16,31,46,68,10,10,10,3,0,false,331,345,60,45,0,0,0.7,0.6999999999999998,d2d7881b42acad3a90c2301e8fa13d82adca9c545df4ac4339988a5bb6642d01
6,93,7,3,0,10,6,14,22,41,66,10,10,10,3,0,false,329,345,60,45,0,0,0.7,0.6999999999999998,87f4917bb5ade21dd813c0db7fd793fc8748e7b43f05ad906f12c8cf812adeb7
6,94,9,1,0,31,25,29,2,7,11,12,13,13,24,0,false,374,375,60,45,3,15,0.9,0.8000000000000003,77336b533ecbff708a6db4fc264715cdb7a7b810a490794ea783e4ce796310a6
6,95,6,4,0,12,11,10,23,60,96,10,10,10,10,0,false,325,345,60,45,0,0,0.6,0.5999999999999999,daa2d5d0e63f69b3f661d4df356f85db81f12d2bf7c87593efe12d1c2a2fafda
6,96,7,3,0,21,28,3,19,35,62,10,11,12,3,0,false,327,354,60,45,2,9,0.6,0.6400000000000001,3d743aa6fc1826b2f5aefce4c22599410c0148941e1a4ce39139d36637ee6126
6,97,5,5,0,3,0,0,37,100,163,10,10,10,0,10,true,268,298,60,45,0,0,0.5,0.5,4bd77c887ce680e6c25d9b21b718ec5a8d1b1f8b1d5f4f171a209e878e917751
6,98,6,4,0,14,21,3,7,39,72,10,12,12,0,1,true,330,357,60,45,2,10,0.6,0.5333333333333334,7878f9d18508f27dcbec33182e73f68307cdacae41eb13634b5205d8e7c3c5d3
6,99,6,4,0,11,3,0,28,61,94,10,10,10,0,4,true,308,338,60,45,0,0,0.6,0.5999999999999999,4e0917d96d11994e3ba2f598e9d50f3fa1ace5ff36889bf6d7ced1292925f469
7,0,9,1,0,47,63,74,3,8,12,11,13,14,30,0,false,422,378,60,45,4,18,0.8,0.78,852834cf3c4f083dfa01c625f463a2ffe24f561733adf745536010802396ecaf
7,1,10,0,0,40,23,27,5,5,5,12,15,15,17,0,false,394,397,60,45,5,23,1,0.8466666666666666,651ad7e23b900137e6c0ef1d453f5abdd446a60e81f31ec41abd312bd8e58de6
7,2,6,4,0,14,8,29,31,76,121,10,10,13,8,0,false,346,347,60,45,3,2,0.5,0.5999999999999999,36ef61e7364ba178a751681196582426387c230e0fa6fbd18b1d9c892bfe261c
7,3,7,3,0,0,11,31,20,40,70,12,12,14,0,1,true,369,368,60,45,4,10,0.6,0.6333333333333333,a031c9ceceb2a310bcc3d06face9f9b9bf7a7126a46d92599b6f03db9ae9c02f
7,4,5,5,0,0,0,0,43,107,173,10,10,10,0,10,true,281,311,60,45,0,0,0.5,0.5,35eabe927ee07ba1e149c09be57a997a927e0234e82c3b248313627936ebb6ab
7,5,8,2,0,33,22,87,15,13,23,13,13,13,12,0,false,435,378,60,45,3,15,0.8,0.7000000000000003,d1badb2f50e35a2d417e1c1d460ca68bc2ca38231c972458e7d88b8a37e7f0ca
7,6,6,4,0,19,53,65,22,39,90,10,11,13,14,0,false,394,359,60,45,3,11,0.4,0.5266666666666667,c80232e863b1803bf63066a88b6e994150bc3edc65dcd1eb16c8f126b736e391
7,7,7,3,0,20,28,5,13,32,47,11,12,13,5,0,false,344,369,60,45,3,14,0.6,0.6733333333333333,4508939f2ae7c65d7ac55403607c9b3ef32734628f6bcd96660bf6d64d1233f4
7,8,8,2,0,13,12,28,4,12,24,13,13,14,1,0,false,382,384,60,45,4,15,0.7,0.7333333333333335,1888cbc6c41705f978ef36d27e344a3a5e825c672c10d17aae6c5aa7929d4b6c
7,9,6,4,0,0,0,0,28,70,112,12,12,12,0,10,true,309,339,60,45,2,10,0.6,0.5666666666666665,5cab4d0ed92a6132e91b8ccb5a9d603b7f9507a9f5189dc27073642bebdb6c6d
7,10,8,2,0,0,0,0,25,46,67,13,13,13,0,9,true,324,354,60,45,3,15,0.8,0.7000000000000001,8d37835126f152b24aa09588899f0a7c4295e88b67e3608127815e774d441d31
7,11,8,2,0,19,26,16,13,34,57,12,12,14,16,0,false,365,379,60,45,4,18,0.6,0.6799999999999999,7a36d91e698f1f9d552a146429d34158b5cdf0c053e1ba0b559b38985fe1fcc8
7,12,7,3,0,27,20,23,28,66,103,11,12,15,19,0,false,364,371,60,45,5,16,0.5,0.6133333333333333,f6b6d9a35a61dbcb67db7d0a1cac8ea3aaa746c23d9da1c0403a24aefd23b0d7
7,13,9,1,0,18,25,34,13,9,13,12,13,14,12,0,false,380,376,60,45,4,15,0.8,0.8000000000000003,d6808b77e6ad2b8345743c0e21a9fa91450e4d6c02cdbcd4910a5fd24f11e11a
7,14,6,4,0,11,32,16,28,48,93,11,13,13,7,0,false,355,369,60,45,3,15,0.6,0.5000000000000001,da15bc26a4142650dcefdfc487c6f9140313d42e1ca128f7c80ab2b1439d48b9
7,15,6,4,0,17,20,20,24,67,111,10,10,10,17,0,false,335,345,60,45,0,0,0.6,0.5999999999999999,052a03294e7e0f8d229131caf6bcab1a75a4bd453e2f4f2610e1465900569d36
7,16,7,3,0,25,50,73,12,32,49,11,12,12,20,0,false,409,366,60,45,2,10,0.7,0.6666666666666666,cdb50d487de4a64e971ca57ea39d04d0b89157e56b5509ef1a0300bf0593e269
7,17,6,4,0,16,28,13,28,72,93,10,12,13,13,0,false,342,359,60,45,3,14,0.6,0.5666666666666667,b4d1f0ce319f313b9f91914dd6156a88b94d6f64ab7c731fbefecdfac7df3f45
7,18,6,4,0,14,20,8,18,55,84,11,13,13,3,0,false,349,371,60,45,3,15,0.6,0.5000000000000001,40e80f7985f0e0db05cfd9558aa20ca43c55caa190f3c821dc7963c415b4c435
7,19,7,3,0,14,28,27,20,43,67,11,12,13,13,0,false,364,367,60,45,3,11,0.6,0.6266666666666666,6a40828cdc648bef34fb1b18efedf4b73fa46adc6437b04f3ce5882133e7fc4e
7,20,8,2,0,29,36,27,7,14,18,12,15,15,25,0,false,388,391,60,45,5,24,0.8,0.6733333333333333,9d8a37904ecf38a06d1d1446f2eceb24e0dfb1139298e9c4d76ad01879e743cd
7,21,7,3,0,16,14,16,24,59,94,11,11,11,13,0,false,344,358,60,45,1,5,0.7,0.6666666666666666,67a1614e4d603ecc4473201205389a39da64bb8a621684d7fbbe140334138445
7,22,9,1,0,21,37,52,16,15,16,12,13,15,20,0,false,408,386,60,45,5,21,0.8,0.7733333333333334,02b7287c290c28e246ca41199f2fcea0fde4e8a05eb2268f5b3f58a02a6b5c94
7,23,8,2,0,30,44,58,7,28,38,11,13,15,27,0,false,407,379,60,45,5,17,0.8,0.7333333333333336,c549b2a2616cf23637eb10f6ad95a2c7a7878a05b0f5c0010744f03bdf0fa3fd
7,24,8,2,0,56,53,32,11,27,42,10,15,17,30,0,false,389,387,60,45,7,24,0.6,0.64,a498b70dfa5c47128b6e0ff1f40dd80025f2e5f68dfc1ba8a81f409cce7033d7
7,25,9,1,0,35,18,24,1,5,8,14,14,16,18,0,false,391,397,60,45,6,25,0.7,0.7333333333333333,de917f8af8f637a54d73dce53025d116cc3d2a7ec551aa57c17579377f6bd788
7,26,7,3,0,23,27,33,18,52,86,12,12,12,21,0,false,375,372,60,45,2,10,0.7,0.6666666666666666,5a32e49709a772bc9eba708b71206f359daf564db9e3521e2c05fb8c010cfc4a
7,27,9,1,0,35,41,37,2,5,0,12,14,17,30,0,false,401,394,60,45,7,27,0.7,0.7533333333333333,51ce0fef90ea6acee24d64eecd2dc109f46116ccff4165684bd886c123d609a4
7,28,7,3,0,8,23,15,21,44,66,11,11,13,8,0,false,350,365,60,45,3,11,0.5,0.6266666666666668,1046f90eae4981981c2a6f0539cfd2bd15fe18a086840eb0e20f36dbb84e0e27
7,29,6,4,0,1,0,0,31,84,136,10,10,10,0,10,true,261,291,60,45,0,0,0.6,0.5999999999999999,8f0fc497e372fe0762c40c4c41415d535aa362d7a3231a04e96b7de0545645d3
7,30,7,3,0,14,14,21,31,52,77,10,10,10,12,0,false,336,345,60,45,0,0,0.7,0.6999999999999998,73f452cc10cb98edbd1ddd7d18bc2bef811404f49489f59d98d2cb94fa0a2bfc
7,31,9,1,0,22,6,13,15,25,35,14,14,14,6,0,false,378,395,60,45,4,16,0.9,0.7933333333333334,3e9418ef1ec2ae7427657633b95f5d4e7920bec7ce402a939e4dc317df6528b3
7,32,9,1,0,14,5,30,13,21,17,13,13,13,4,0,false,384,384,60,45,3,15,0.9,0.8000000000000002,c8f5cffeb88762ba8834bfc9ed901002e76d955f456e126757d1f1167df61851
7,33,7,3,0,19,31,30,2,11,17,13,15,15,16,0,false,391,391,60,45,5,25,0.7,0.5999999999999999,a255f012a5b2785d26de7614f4f14a9c641b9b185732c698de000d8a72e0311b
7,34,8,2,0,2,0,0,23,42,62,13,13,13,0,3,true,343,373,60,45,3,15,0.8,0.7000000000000001,edf9f5f2550817231e03ec0465e191750c7dfbec2eae17b93ac5faf144c3ef64
7,35,7,3,0,22,24,50,21,34,55,12,12,13,9,0,false,393,373,60,45,3,14,0.6,0.6066666666666667,4750fe8ee096f311272df93518740ffef3e13c43d73b28522cefb1d46f96beb8
7,36,7,3,0,13,24,0,7,26,48,12,12,14,0,1,true,349,379,60,45,4,18,0.5,0.6466666666666667,aca27f2a89b5dc4369dace3b3c9c3f0ea83329503080b1cc84413a40ddeb5bc1
7,37,9,1,0,12,3,4,11,15,25,14,14,14,0,1,true,367,393,60,45,4,20,0.9,0.8000000000000002,a8cae62583a5800a1fbb4583c8b57e51558662e314a32775b63f346d1a0571aa
7,38,5,5,0,22,11,17,33,67,114,10,11,11,8,0,false,341,354,60,45,1,5,0.6,0.5333333333333332,bfa74ae54a1532ca321dd07b4441702b827f80c2f378cd2a0360c24eaee22fbd
7,39,6,4,0,19,13,0,24,72,120,10,11,11,0,0,true,322,352,60,45,1,5,0.6,0.5666666666666667,7f80042e7e8c043b873f6ab174d6f5499ab56e1b08aabcda7b965d5cc2caaaec
7,40,9,1,0,26,16,31,2,7,11,14,14,16,16,0,false,397,396,60,45,6,23,0.7,0.7466666666666667,a599c09db2bc61ce40ec171572d2705f8bbcbf35a0eb5ea00ccb3028f0325dca
7,41,9,1,0,12,1,2,15,26,37,13,13,13,0,3,true,348,376,60,45,3,15,0.9,0.8000000000000002,5eb4b0e2d8b7127df4e2147fc24f076d8d04da50e178c272ba7177d7e9e44558
7,42,6,4,0,0,0,0,35,78,120,11,11,11,0,9,true,303,333,60,45,1,5,0.6,0.5666666666666665,e8cd7d2e3c8873844256b1b4d379d41e3badfc0ec64e842721b6ba3378105b77
7,43,8,2,0,29,31,9,14,30,44,11,13,14,9,0,false,357,378,60,45,4,18,0.7,0.6799999999999998,c3505d8908fd63ef450f61518ea1333f5a34d1906a9df90ffdd99d59320fbb1a
7,44,7,3,0,10,26,54,14,39,69,11,11,13,9,0,false,388,364,60,45,3,9,0.6,0.64,575e0d7e1dabdadd03a519bffc52ef90611c9a8fc566b6038d0f9a610f054349
7,45,6,4,0,16,16,16,22,54,79,11,11,11,15,0,false,345,359,60,45,1,5,0.6,0.5999999999999999,7b393a955f7efb0d52cb7d7c89f3dab4d51d23ff3b4e363ea484a947cb0c96dc
7,46,7,3,0,28,17,22,18,40,53,11,13,13,13,0,false,369,377,60,45,3,15,0.7,0.6,3c327ed929cb1873068e4c42eac6f7e64b69aef87433b34e768b55c555c867af
7,47,6,4,0,18,40,65,27,53,87,10,10,10,17,0,false,380,345,60,45,0,0,0.6,0.5999999999999999,4800c5aea01c3229bf1b046eecf9d6ea71e673251f36d7edebf02478ce99d541
7,48,10,0,0,45,50,71,5,5,5,12,12,12,30,0,false,409,368,60,45,2,10,1,0.9333333333333333,ff8130fc77356dbf4e23095f15f2129fbd0f60c35e52ae0ddab5fd79579f120c
7,49,6,4,0,3,0,0,29,86,141,11,11,11,0,9,true,317,347,60,45,1,5,0.6,0.5666666666666665,be3ff9b2cf8455979c4f7f29e14ec6665b7705dd0c37fb1d4ba1990b9f10f01a
7,50,5,5,0,25,34,33,27,68,110,10,11,13,21,0,false,357,354,60,45,3,6,0.4,0.49333333333333335,42ebaa6d7a7a8451168b90ef0944d20cf39c84238ebe9e194dfbe68b4648196f
7,51,8,2,0,36,52,42,11,9,9,11,13,17,28,0,false,392,380,60,45,7,22,0.6,0.7,fc24f651529cbf80d3d024bf2a8c0a177e08b4d36e1660ccf7dffe266aba475c
7,52,6,4,0,12,2,2,36,60,98,10,10,10,0,1,true,316,344,60,45,0,0,0.6,0.5999999999999999,859cb77a95225379939e294cf840d5007588b5c4b9c030999f060110f79587ab
7,53,5,5,0,0,3,3,43,94,155,10,10,10,0,2,true,313,340,60,45,0,0,0.5,0.5,130957e6a45be71b79d620f65c2b06b0e3096dce68dc6b4d6e8ba3619c043056
7,54,9,1,0,35,23,18,3,7,12,12,13,16,18,0,false,372,384,60,45,6,22,0.6,0.7533333333333334,4266d9a472e0dcd70ebdf4daac0f00e1962b1a7c324122937269ed0940b67e27
7,55,8,2,0,24,34,27,19,24,42,12,13,14,19,0,false,377,380,60,45,4,18,0.7,0.7133333333333332,8a45654f763003773faa82062ade9d68820a42101e0d018758779ee8b83b13b1
7,56,10,0,0,50,54,50,5,5,5,11,13,14,30,0,false,395,375,60,45,4,16,0.9,0.8933333333333334,263cf71ddbbfdad7cfdefe6d490bf86ff2c3cb66014721d8fcbd866c01b65a66
7,57,7,3,0,20,25,20,19,43,66,11,12,12,16,0,false,353,363,60,45,2,10,0.7,0.6333333333333333,021d727e53fb36fd6c117373a43c22a98abba24a5fb70fc94c702971fb02fc4e
7,58,4,6,0,0,0,0,48,108,181,10,10,10,0,11,true,277,307,60,45,0,0,0.4,0.4000000000000001,7dc24e6046834ff64ae787ce7126ab006f34bd5f183a68693ce4cc8438ac66c7
7,59,10,0,0,35,27,17,5,5,5,13,15,15,17,0,false,381,394,60,45,5,25,1,0.8333333333333336,803129b49602b26293df43dbe0c6ebecddb62799ace87006d88cd74d558374d7
7,60,7,3,0,23,25,19,15,37,61,11,13,13,19,0,false,362,373,60,45,3,14,0.7,0.6399999999999999,33301e8fa19248241666e9649f6525d2ca7d2e8ad93f29b39d7a3eba59def4ba
7,61,5,5,0,15,14,11,29,77,123,10,10,10,11,0,false,326,345,60,45,0,0,0.5,0.5,5f7d332f2e526d03dc9af71da030f1ec729a1d899b9285ed42db2d611c01d4a6
7,62,7,3,0,7,25,12,22,45,59,11,11,13,7,0,false,349,367,60,45,3,13,0.6,0.64,fca3df1c302955859acc180db6979f208585fcce59f2627c7ff634eb585f9463
7,63,6,4,0,3,0,0,41,72,114,10,10,10,0,9,true,294,324,60,45,0,0,0.6,0.5999999999999999,5fedca4013e057fa54cd7a9b5f208ee0603e3741e256bee5630a09bdab2ad35e
7,64,8,2,0,24,17,13,21,39,56,11,12,12,12,0,false,350,367,60,45,2,10,0.8,0.7333333333333336,db6dda6867cf0e244f2500307e772e9e228125b540a2c0a10072b0c9f28b936e
7,65,7,3,0,37,0,26,2,33,63,13,13,13,0,1,true,363,367,60,45,3,15,0.7,0.6,9ad4d83bd0d3e7ca7742916745bc8c16c63a3325ee53277a99a50b94b86bb7ab
7,66,10,0,0,41,47,58,5,5,5,13,14,14,30,0,false,417,389,60,45,4,19,1,0.8733333333333335,b8669b2b4e7dd3a6ef69dbd70c3101b5bc05221c2ef102b6bc65214fa9b64eee
7,67,8,2,0,23,22,15,4,21,38,12,14,14,8,0,false,370,385,60,45,4,20,0.8,0.6666666666666666,5fa6368f8218513f21c6f3b7ca1269ed1b50947ce98eaf48a3328635d8ac8551
7,68,8,2,0,44,52,56,8,13,22,12,15,15,30,0,false,417,391,60,45,5,25,0.8,0.6999999999999998,a43307c335f5eaaf9d3d303753434846ee3027c3f95ab7b16415a10163a8cfd8
7,69,7,3,0,15,5,0,24,50,77,11,11,11,0,1,true,327,357,60,45,1,5,0.7,0.6999999999999998,9aa22bb092fd9ca9c107057492911831c3bd2f1675ace2a93b580ec46a991ce3
7,70,5,5,0,23,21,22,35,70,95,11,11,11,17,0,false,348,356,60,45,1,5,0.5,0.5,ace92a9fbeba3dc20b61b8b4ae82efc168d5770a4e286a2e96820a59f13188b1
7,71,6,4,0,17,18,23,13,53,96,11,11,11,16,0,false,352,359,60,45,1,5,0.6,0.5999999999999999,abe87e2abc3db2074541e48f160bf72aece4603a5a3c536bc9740f227b7a7801
7,72,9,1,0,43,21,0,0,5,9,14,18,18,0,3,true,369,399,60,45,8,38,0.9,0.7133333333333333,cb1bf47a531e21a9a7ce28ebe5462c3db94dd3a8723fabefbc53f63885255e5e
7,73,4,6,0,0,0,0,62,135,196,10,10,10,0,12,true,224,254,60,45,0,0,0.4,0.4000000000000001,a51b81f051ecb531617e32898c0512157662b21514ff304f5e2e1db3dd79de23
7,74,6,4,0,0,3,6,27,57,96,11,11,11,0,3,true,327,351,60,45,1,5,0.6,0.5666666666666665,3c5e431048d34a99c7fbfc8be8764b599afc229578275056a0a45d2c6406f8c4
7,75,8,2,0,15,4,0,22,41,59,11,11,11,0,0,true,328,358,60,45,1,5,0.8,0.7666666666666669,379779e50a675c6d852140cc3606b02550a1c76e600193e175c3724b23f6512a
7,76,9,1,0,9,11,23,13,22,31,13,13,13,0,1,true,376,383,60,45,3,15,0.9,0.8000000000000003,d5eab4552f619a00cf3d1c087723f91ae6a9be56bbca0201e3e073d30678f80a
7,77,9,1,0,14,3,33,15,15,19,13,13,13,1,0,false,387,384,60,45,3,15,0.9,0.8000000000000002,75b920a911ccbde7f950a295355fb94a47efd017ad5dd6d1866d96e6e872cf91
7,78,7,3,0,22,19,32,18,37,68,12,12,13,16,0,false,374,372,60,45,3,12,0.7,0.6666666666666665,944cbef867258eeaeeed1c4e0fbd0d09ea9ac63ce2a9ac40f8109f1cf171ef98
7,79,7,3,0,11,0,0,17,50,88,12,12,12,0,7,true,328,358,60,45,2,10,0.7,0.6666666666666666,d9c7cbabc82933d03476a4bd123bc0912f003c666ef23069e14ab81d96d19324
7,80,7,3,0,16,30,58,22,40,64,11,11,12,14,0,false,387,359,60,45,2,5,0.6,0.6666666666666666,38f5416961c28cab612ebbfaf9d5cedd6ca418832a4061142a31b5dd9a514696
7,81,4,6,0,8,18,26,39,97,159,10,10,12,6,0,false,343,347,60,45,2,2,0.4,0.4000000000000001,5676a47441eb9c0eba4372bf9f4b7e5e9ab88d46fa61f76e0d70081dce7cdb90
7,82,8,2,0,12,27,32,13,26,43,12,12,15,10,0,false,383,381,60,45,5,19,0.5,0.6733333333333333,3d835f6fee63486e84a33cad5917ebe235c73212c129ff0f1d7d6d27e8653345
7,83,7,3,0,12,4,0,32,55,89,10,10,10,0,1,true,313,343,60,45,0,0,0.7,0.6999999999999998,b72a1e714946622d8fb36a833544dbf4d5cd59e7b58662c72bd76594b6015ff8
7,84,9,1,0,47,35,34,0,0,8,11,15,15,29,0,false,395,391,60,45,5,23,0.9,0.7799999999999999,ae28d8f38159445fe4213d02720c7e75d4d85b3cc7d8f9f706b3be83a96c0a6f
7,85,8,2,0,31,35,36,19,16,12,11,14,17,28,0,false,392,386,60,45,7,25,0.7,0.7133333333333333,64213e2a0104d696cd00027540cb222ecd4663434b26defd509ad7253b8c0861
7,86,4,6,0,0,0,0,47,103,158,10,10,10,0,11,true,252,282,60,45,0,0,0.4,0.4000000000000001,af8bcf629aeb25b18db8a1158bcc4e2f0681adc5e352f8b67b8bc5933d5b62f7
7,87,7,3,0,19,1,7,16,36,57,12,12,12,0,1,true,341,364,60,45,2,10,0.7,0.6333333333333332,0d407ec12fe26ed50294a483366206e5d13b505b0bc5de14319eb9676c92a04b
7,88,7,3,0,25,0,8,20,46,71,13,13,13,0,2,true,353,375,60,45,3,15,0.7,0.5999999999999999,f12d2d78ff6adc3e6d32e1783be6e002c78276465ab8db9cb8a54db99e7cba7d
7,89,7,3,0,41,23,37,14,47,79,13,14,15,21,0,false,394,387,60,45,5,16,0.6,0.5933333333333333,8b0e5a0825a53cad491d5003a844ac8159ac2a941bf16d733ab4afc839a71e00
7,90,8,2,0,38,69,93,8,13,15,11,12,13,28,0,false,426,363,60,45,3,10,0.8,0.8000000000000002,51dd1ba1c3bc68f3f8b77eda718989e022e7e00894173d35097479e997b31cf3
7,91,9,1,0,50,23,21,6,13,21,13,15,15,15,0,false,388,397,60,45,5,23,0.9,0.78,db5e9835b79e8f1115a97b402fd9dbf8747d04d715968f7e1e995b0248310864
7,92,7,3,0,16,10,27,27,37,59,12,12,13,4,0,false,366,369,60,45,3,10,0.6,0.6666666666666665,3669d7a48c4236dc751c77944d2702ecba9d03c052254048e85e93a413c4d0e4
7,93,7,3,0,17,25,0,22,39,64,11,11,13,0,1,true,334,364,60,45,3,13,0.5,0.6133333333333333,3ff8e0d288c88eb851f820774ba71ed56470e3566255c8dc84272b882ddf99be
7,94,9,1,0,48,58,81,2,7,11,12,13,13,30,0,false,426,375,60,45,3,15,0.9,0.8000000000000003,b168dce31ae927b5529adbd9ff5cf96c7a74dd6cdbd8181307d0344a95772cbc
7,95,6,4,0,21,12,22,23,60,96,11,11,11,11,0,false,348,356,60,45,1,5,0.6,0.5666666666666665,bd1d91ac0d096af45184c758296969d0424a9c2ad654adfdcc96fcff6cc23460
7,96,7,3,0,38,0,15,10,38,66,12,13,13,0,1,true,349,364,60,45,3,15,0.7,0.6,54755a4259a05287016c3251bb60725ab17afaaa259e03886c611af284f65862
7,97,5,5,0,14,2,0,37,100,163,10,10,10,0,5,true,303,333,60,45,0,0,0.5,0.5,81c148055aeaa704f902e8825c677c3c18183b1a8c74581897958e3f6028e73f
7,98,6,4,0,11,19,27,18,59,99,11,11,13,10,0,false,357,360,60,45,3,6,0.4,0.5599999999999999,8ebf7d705b027e06ca514a009c886c6e1c99ca4c97e9d5049fede863edd671b0
7,99,6,4,0,23,27,25,28,45,80,10,11,12,19,0,false,351,356,60,45,2,7,0.5,0.5866666666666664,1ad14a527e0d6c530eb2bbbe26b6fc8fb9e4fe185f1f234374f53a6014e9cb48
10,0,9,1,0,100,168,229,3,8,12,11,13,14,30,0,false,577,378,60,45,4,18,0.8,0.78,a2e0e4434c69b0ce590d95b20498fd9800a887985e92d5efec42b6545523856b
10,1,10,0,0,91,116,158,5,5,5,12,16,16,30,0,false,530,402,60,45,6,26,1,0.8266666666666667,80422d6956ede65ddbf893de927af396df59b99cb6fdf957c023f22f9fa1e058
10,2,6,4,0,37,38,42,28,41,76,12,15,16,30,0,false,407,395,60,45,6,27,0.6,0.5066666666666667,86a149b5bca88b44d6127d1a801fedab9d24558f32d681282c78707e65dddc70
10,3,7,3,0,27,12,35,20,49,67,14,14,15,9,0,false,402,397,60,45,5,22,0.6,0.5533333333333332,0d3f29961d52dc2d9151b8b481c642dd9e47bb5ae2b8f2abd0a9c8f345dbcd29
10,4,5,5,0,19,0,0,33,91,166,13,13,13,0,8,true,325,355,60,45,3,15,0.5,0.4666666666666667,8f8b1f3b65445c2fb0b0413d953d004a453467bf09547318bfabf4536b5f9db4
10,5,8,2,0,77,120,243,15,12,22,13,13,14,30,0,false,594,381,60,45,4,18,0.7,0.6799999999999999,a5bc5417e7e6a7a135269bafad3b10c0e174d467b906a7038bc7f92e7376c891
10,6,6,4,0,25,83,138,21,44,78,12,12,14,25,0,false,485,377,60,45,4,17,0.4,0.48666666666666664,97bf3dab06e7e1135a8bce6b4f49c7b06f227ae6a2e030080742721f6de28c55
10,7,7,3,0,60,89,107,13,35,60,12,13,15,30,0,false,456,379,60,45,5,14,0.5,0.6266666666666665,356943c65b6f712037657cd9c24ba1b192a5bd9781757d1ab4cd5566d64ce807
10,8,8,2,0,37,7,37,4,8,18,15,18,19,4,0,false,441,434,60,45,9,36,0.7,0.62,bec8387af06612027fd542f91d238f75e0c28d66db84957e2df515c8be74bf9d
10,9,6,4,0,18,24,1,28,70,112,13,13,15,1,0,false,365,394,60,45,5,23,0.4,0.48000000000000004,3010701d654703dc213a66fe59d7e38094180d0d7cac13b51631912713a99ad4
10,10,8,2,0,21,23,9,25,46,67,13,16,16,5,0,false,386,407,60,45,6,30,0.8,0.6,f3ac1e00ee60ec493394ac12cba004bd7b08057b1ffaaea360c91110154bf8a6
10,11,8,2,0,54,43,43,13,16,38,15,18,19,30,0,false,441,428,60,45,9,36,0.7,0.5933333333333333,0119ce6fbe9286a91ab54ceda0158add437b99a155d8c669d5c55e39ee0d2eea
10,12,7,3,0,66,92,91,28,54,84,11,15,19,30,0,false,453,392,60,45,9,29,0.4,0.56,9fef05b1cc823df8c4272a144ceba8ee37006584cf4324b1ee032eb5add2f47a
10,13,9,1,0,60,110,166,13,8,12,12,14,14,30,0,false,521,385,60,45,4,18,0.9,0.7800000000000001,7eb30ca77ed9d872f1d0414faa7c56fdfa9bf3055f935ecc5c9f0dfe633d6e2c
10,14,6,4,0,45,51,45,28,56,109,11,13,16,30,0,false,396,381,60,45,6,20,0.3,0.39999999999999997,b909630dc5c1651b33c93774b38c4613701d291666d287d18475e9dc72e858b6
10,15,6,4,0,20,28,16,29,63,108,11,13,13,16,0,false,358,372,60,45,3,13,0.6,0.5133333333333333,7560af5b5c9ebe47b96b7071c048253c8e4e4a59d3bdc6ab95a24feac827b829
10,16,7,3,0,68,107,173,12,40,69,11,13,13,30,0,false,520,377,60,45,3,15,0.7,0.6,4d17bf216d92e352525a9c30930bdb195021bad963dc2c4bd79a365acb5c7857
10,17,6,4,0,52,73,101,19,41,51,13,16,17,30,0,false,470,399,60,45,7,29,0.6,0.5333333333333333,a4114cab96f35ca4ac14f12b2b9937d55bfd9a74e73e6dac8b70900f45357f5a
10,18,6,4,0,37,16,61,17,24,61,15,16,18,15,0,false,443,412,60,45,8,30,0.5,0.47333333333333333,2d15e069b0835399ce60e147ad5c24d804da999855df57f6186926d085d4900d
10,19,7,3,0,32,32,67,29,36,56,14,16,16,25,0,false,445,408,60,45,6,24,0.7,0.5933333333333332,2feaf6650e1239071adde5520d08b06298a0432f51651075a452ec75bb0418ce
10,20,8,2,0,76,132,168,7,14,15,12,15,16,30,0,false,530,392,60,45,6,25,0.8,0.6733333333333333,d245d8c56e401fda653cdbf577130ea2168e9af375aeea4fe97801ca0c058ce5
10,21,7,3,0,54,53,1,24,59,94,12,15,17,1,0,false,367,396,60,45,7,26,0.5,0.5266666666666668,71b6455d1a3940dd7236ed719a76c86e0d921b3a7a5ad9537716e379c6307536
10,22,9,1,0,65,135,191,16,13,10,12,15,16,30,0,false,558,397,60,45,6,28,0.9,0.7399999999999999,2c6136a324cc052df9424a1eca8b39db50fdb7c2a93ddfdf8a38cb06905631f7
10,23,8,2,0,77,140,208,7,28,38,11,13,15,30,0,false,557,379,60,45,5,17,0.8,0.7333333333333336,2b5a010b2d1afaef829ee453c6bae9ecc10e364a4ddc011f77468cb191ee3e2d
10,24,8,2,0,109,152,174,11,27,42,10,15,17,30,0,false,531,387,60,45,7,24,0.6,0.64,1032bc1f18be1d75d3da2f5d48f602f37c86fde408c41ab720764da425013906
10,25,9,1,0,84,98,112,1,5,8,14,16,18,30,0,false,495,413,60,45,8,36,0.7,0.6599999999999999,570755203db31e8dd84a3ce3a5470dc1af2033846a80b08cad76b52694843828
10,26,7,3,0,60,64,75,18,52,86,14,16,16,30,0,false,452,407,60,45,6,25,0.7,0.5666666666666665,5c61b4572e3dc9e47bf456203e5cb35d78d56176e3c16974aa8983efe953df7f
10,27,9,1,0,81,136,187,2,5,0,12,14,17,30,0,false,551,394,60,45,7,27,0.7,0.7533333333333333,015ecd5996ae3a0432f5166f0516820f26168632c4450404ed3861bcd1edc634
10,28,7,3,0,34,23,41,20,43,54,14,14,16,14,0,false,410,399,60,45,6,25,0.5,0.5333333333333333,9e2a1829b1e441df8b5a6da3493f40d06637e9a72a9f27ae766c73d4b2ac6fdf
10,29,6,4,0,22,26,32,28,65,109,12,12,12,20,0,false,373,371,60,45,2,10,0.6,0.5666666666666665,0bbb2e34c7fbdba317d56d19a6eed8d6cb76bc1391d06f25ebc85c939736930b
10,30,7,3,0,49,69,70,21,34,42,11,13,15,30,0,false,413,373,60,45,5,17,0.7,0.6466666666666665,6ff021b6e1aedc8e8ac8bc953b2b2030830f1ccee5d18b60a944b3f7ea9f7664
10,31,9,1,0,65,68,91,15,19,25,14,17,17,30,0,false,480,419,60,45,7,29,0.9,0.7400000000000001,074201922d168c11549b79a195ace29237abb90481ec412694009b1c778e0326
10,32,9,1,0,53,75,157,13,3,4,14,16,17,30,0,false,536,409,60,45,7,26,0.8,0.76,6c32b7a0c6975f45a9ec01ba21093b1a96e6d88c9a176db2589dc247e7b18d29
10,33,7,3,0,58,55,68,2,8,21,14,17,18,30,0,false,454,416,60,45,8,33,0.6,0.5333333333333333,d71008ea0fff113253a45e005728c3247ac4cbe4cba249b24c79d826fa1ddf0a
10,34,8,2,0,25,35,44,23,42,62,14,15,16,13,0,false,417,403,60,45,6,26,0.7,0.6266666666666666,dd45bd4b0804ef2c747c0110265bb7e0d77d8167494263b3a98ec5b944167f1e
10,35,7,3,0,62,105,179,21,33,54,12,13,14,30,0,false,529,380,60,45,4,18,0.6,0.5799999999999998,3d273ce01e6ecc70227a3da10e77b229675fc74d0d9d12a1060866f3c91d908a
10,36,7,3,0,49,41,20,6,20,42,14,17,18,20,0,false,412,422,60,45,8,32,0.6,0.5733333333333334,a0789b5c5a939e59120354363601b2dd1d546854158f43ef4b853a48180eb1f4
10,37,9,1,0,52,54,43,11,11,11,14,17,21,30,0,false,444,431,60,45,11,42,0.7,0.6999999999999998,cb07fc8db9531bd6920a145149d20aff980c258cc07a3e09dcfa4cdd6725eed7
10,38,5,5,0,41,35,6,22,41,73,15,17,17,6,0,false,389,413,60,45,7,33,0.5,0.43333333333333346,fd48fb267324c6aa83f0c5275c8853c535fb591b5363146c5cc4b831e2d77c9e
10,39,6,4,0,56,61,59,16,52,94,12,14,17,29,0,false,418,389,60,45,7,23,0.5,0.5466666666666666,d6422e0a41b42f936871dae34c3c29b5be870e9f6ec52826f11ff8bedd2d60aa
10,40,9,1,0,61,56,64,2,7,11,14,17,19,30,0,false,459,425,60,45,9,38,0.7,0.6466666666666665,4da4602974d51a8c2d8d2da56c63f8d3a138df4373c0a866bc7931d7d0c33ca0
10,41,9,1,0,50,42,9,15,26,37,13,16,18,9,0,false,390,411,60,45,8,36,0.7,0.6599999999999999,9130a6c3524e7919462b68ff6bb50e56f009445b700218c8123a3e1168c7a347
10,42,6,4,0,4,43,0,35,64,101,12,15,17,0,2,true,349,379,60,45,7,29,0.4,0.4066666666666666,98cd5ef691df4905619e8a6372682e946d74c044887f3b78a8fece7366ec5f0f
10,43,8,2,0,73,122,140,14,30,44,11,13,14,30,0,false,488,378,60,45,4,18,0.7,0.6799999999999998,4781b287a2dbc3a6b15aafe274b20e8563f560972c60952256d18143ff627075
10,44,7,3,0,42,82,150,1,32,62,13,14,15,30,0,false,512,392,60,45,5,22,0.6,0.5533333333333332,9799d999e6ee9ae58092256c087ce567871af41d53a6c402e1ce2dea48dcb39a
10,45,6,4,0,38,53,70,28,43,96,12,14,15,30,0,false,429,389,60,45,5,19,0.5,0.5333333333333333,255b801b01160cad6fa86865d2a400a5189b7282cf67f6907c82a3241ab3d878
10,46,7,3,0,70,79,104,18,34,60,12,14,16,30,0,false,462,388,60,45,6,23,0.5,0.5466666666666666,4603c8a2c61c30ba963e0051938368589960ef9cd56b7c0da146cf9321f8c9b3
10,47,6,4,0,44,65,99,30,72,111,11,11,11,30,0,false,426,357,60,45,1,5,0.6,0.5666666666666665,b71cdfe01bfd8cc573953637eead4cca3a4fc22862525e4cabc17c5e1265d1b4
10,48,10,0,0,96,148,225,5,5,5,12,12,12,30,0,false,563,368,60,45,2,10,1,0.9333333333333333,75d6176a67778a220b8077b6d72598e892b759ab1bb0f2f175fa185ebdb4920f
10,49,6,4,0,8,18,30,38,82,137,12,12,16,3,0,false,377,377,60,45,6,14,0.3,0.5066666666666666,e3f94a569b0c07b20bd87b6cb99f571002fdcea0dcc5f5a56bdef1fecaeb5ee1
10,50,5,5,0,20,42,72,32,70,108,12,12,13,19,0,false,416,374,60,45,3,12,0.5,0.4666666666666667,2e5954a6541d8893cc251a10506f0d359f0353a101d50484e0731ca60cf45284
10,51,8,2,0,84,149,188,11,9,9,11,13,17,30,0,false,538,380,60,45,7,22,0.6,0.7,e918893a5693293defb416603b58efc9262d85d13255ebabbc963240dfe9a5ae
10,52,6,4,0,32,27,9,36,62,99,12,13,13,9,0,false,352,373,60,45,3,15,0.6,0.49999999999999994,f543031daaa4840abfe7300ce447c2a1eaf9ee0248eebd1cd222668360c5b9d8
10,53,5,5,0,21,40,44,31,87,133,11,13,14,13,0,false,391,377,60,45,4,18,0.4,0.41333333333333344,464805e4fb57b04655efe3f58aab228c8fb1ae8b792508139bc221a787900f20
10,54,9,1,0,79,104,75,3,7,12,12,17,19,30,0,false,447,402,60,45,9,34,0.7,0.6733333333333333,331c830dfe236834454f0a977573a0689a112c2da616379bd7403dcdf24894b6
10,55,8,2,0,68,83,117,19,37,60,13,13,14,30,0,false,470,383,60,45,4,17,0.7,0.72,8cfe440a7fa727fdd89654d3ccd2c9df9fd9a6ddadad0c09787706d9644f4025
10,56,10,0,0,104,155,194,5,5,5,11,13,14,30,0,false,539,375,60,45,4,16,0.9,0.8933333333333334,a63e50d96c4a7d324dda4ab01e8641dea20eab735395253829f5c3f7c7796903
10,57,7,3,0,53,31,12,19,59,100,12,15,15,11,0,false,373,391,60,45,5,21,0.6,0.4933333333333334,35092f3ca8293612981cf489e8bccedd1e0a08bb1bb1ad63071fdaab95efa40a
10,58,4,6,0,4,13,27,23,92,165,12,12,15,3,0,false,370,373,60,45,5,10,0.3,0.36666666666666675,f90ab64becf265c2954a55a1711039052b64629ea51f9506c3ea84ddbc5533d5
10,59,10,0,0,83,121,146,5,5,5,13,15,18,30,0,false,515,399,60,45,8,27,0.8,0.8200000000000003,53c2f1507d967a9b9988fb246aa80ee9142cb0e7660688cc436acc0d43348c12
10,60,7,3,0,68,108,140,14,29,53,13,14,15,30,0,false,496,386,60,45,5,19,0.6,0.6333333333333332,fbaf71a1175038c93ea0a5014ef341ca58b9f922e3c5d48bfbe5caf16f4ad720
10,61,5,5,0,30,36,46,38,79,119,11,12,12,28,0,false,382,366,60,45,2,10,0.5,0.4666666666666667,37fffa28c653d000b09e4a27fba9a33e4ba7c00c6230d34b2134d6b51410a9f5
10,62,7,3,0,48,67,76,21,15,27,12,17,18,30,0,false,457,411,60,45,8,36,0.6,0.5533333333333333,d75d49769ac95c41b2e9b03ce6f686e1b7c51e705b95ca4c80cb684dbe012e92
10,63,6,4,0,25,27,23,24,44,58,13,15,16,23,0,false,391,398,60,45,6,27,0.6,0.5666666666666665,e867eec1c1cefbdc86633b26ad913d771f5edb5f16fdbea6f1c7e674d1f03c41
10,64,8,2,0,66,100,120,21,39,56,11,13,14,30,0,false,464,374,60,45,4,13,0.7,0.7133333333333333,cd8c5f4f8f6d6a0fb61d5ba6975d2e82f7486199d22025ae5d8e28c051ddc54d
10,65,7,3,0,80,65,101,2,33,63,13,14,15,30,0,false,453,382,60,45,5,20,0.6,0.5666666666666667,1e388090ec55dcdc84ecf9d5d604ea5437fcfd02f58f80db30d62c16cc37d61d
10,66,10,0,0,92,150,216,5,5,5,13,14,14,30,0,false,575,389,60,45,4,19,1,0.8733333333333335,b41dc44e718fb441a760c1e4c19f897ae31fac5108c5ab7a0c219ef52d72fa33
10,67,8,2,0,65,56,73,4,21,38,14,16,17,30,0,false,454,411,60,45,7,30,0.7,0.5999999999999999,a318284f6078535bdda7e81f47d8f4db10a4520dcba8fe558b3a4724f281cc58
10,68,8,2,0,95,152,209,8,13,22,12,15,15,30,0,false,570,391,60,45,5,25,0.8,0.6999999999999998,06e67ca49601257475b6931365aaec253d290210ad3fc759b4bad9ef37da16e2
10,69,7,3,0,53,47,35,20,36,63,13,15,15,30,0,false,401,396,60,45,5,22,0.6,0.6333333333333331,935f92b5ab1c26f07ad0c4080da2a245cc823467ce8f7742bbf93bbfdd749689
10,70,5,5,0,16,29,30,37,80,103,12,14,14,11,0,false,381,381,60,45,4,20,0.5,0.40000000000000013,8a5e2649588ecf8055a38ed06c635608c264caeeec59eac5813c8d55406742d0
10,71,6,4,0,31,12,22,10,34,86,15,15,15,9,0,false,396,404,60,45,5,24,0.6,0.5333333333333331,c9e44b34bf11554eb4fea4eabefcae06f084f7a0dc08a9315a15e85ef070733f
10,72,9,1,0,94,116,93,0,5,5,14,18,21,30,0,false,488,425,60,45,11,44,0.7,0.6866666666666664,6508610ef52c7779c7d8d3afe76370a110b769e7a2b7ff67937eb3cb34f82ce3
10,73,4,6,0,5,0,0,46,105,191,11,11,11,0,10,true,291,321,60,45,1,5,0.4,0.4000000000000001,2f757b0cccf4ed9126e70c0713b60c057521bded80d03ddf52e2f1806fb10405
10,74,6,4,0,23,25,6,26,56,96,12,13,14,6,0,false,357,381,60,45,4,19,0.5,0.4733333333333334,94b8ce5753924bed2068db5497a59af87674b600470c611650a8fbac47d7eb71
10,75,8,2,0,50,25,24,20,28,42,13,16,16,19,0,false,397,403,60,45,6,26,0.8,0.68,0f2b92c58924eb87bbbb5be16804d5ddc65fae1afd2eb09fd006ba54c8a56cc0
10,76,9,1,0,45,54,87,13,22,31,14,15,17,30,0,false,461,404,60,45,7,26,0.7,0.7266666666666668,5300226c5819ae43004acccfe92267a205e0ec2604a6f80f49ac5bfa3f3446ae
10,77,9,1,0,51,33,59,15,25,34,14,16,17,30,0,false,439,410,60,45,7,30,0.8,0.7,05cd489ffa196995f239a6cff53bf2e03977ee43d9597a4a0e034b2e73ad2dc6
10,78,7,3,0,64,27,41,18,33,62,14,17,19,23,0,false,423,412,60,45,9,32,0.5,0.5533333333333333,8220a69131573028890187e5691718cce9b875a5b9904dcfcd8493eab0db30cd
10,79,7,3,0,50,43,38,17,28,38,14,17,21,30,0,false,430,422,60,45,11,32,0.6,0.6399999999999999,1fbab9871ca2aa1420150077b9b271f531b0351845d7ce4f71d016909587b92d
10,80,7,3,0,52,128,192,9,22,38,12,13,13,30,0,false,537,375,60,45,3,15,0.7,0.6333333333333333,468602f4d4afd75e18e99297b757ee3cc1afa68d51937933b418beb27f823934
10,81,4,6,0,11,44,47,40,100,144,11,14,15,11,0,false,398,381,60,45,5,22,0.3,0.31999999999999995,f4c119e152f2bdb68684c0d6850245ad46252b8fb146bb26beb345a396c33b53
10,82,8,2,0,51,97,107,13,23,40,12,15,18,30,0,false,477,400,60,45,8,31,0.5,0.5933333333333334,35428f36952a58551ef90da580cb909c1bf4b3fc623aef14fe3684489fe0d725
10,83,7,3,0,39,15,19,18,56,101,13,13,13,15,0,false,367,378,60,45,3,15,0.7,0.6333333333333332,674c83f139f2c22a01f024ecf1a0b4e12af37ff9d0eb2cef5089bfc44bc9a684
10,84,9,1,0,100,130,180,0,0,8,11,15,15,30,0,false,541,391,60,45,5,23,0.9,0.7799999999999999,a0e651b3d785b78a87abe3642203394081a6cf1a9cd90faa3b1919537637f6c7
10,85,8,2,0,75,127,181,19,16,12,11,14,17,30,0,false,537,386,60,45,7,25,0.7,0.7133333333333333,ef36052f680fa7f7a088da96fece331f97ba43bd9b80726bb03b9443d65bed45
10,86,4,6,0,21,4,0,47,103,158,10,11,11,0,3,true,317,347,60,45,1,5,0.4,0.36666666666666664,7fda36d3bfb1e8cfd2550d45f00c3b019f7d7baa328e661374fbb5fca428553a
10,87,7,3,0,58,33,27,16,36,57,13,17,17,24,0,false,401,404,60,45,7,30,0.7,0.5,895e607ca1ea3c3c3d100a9a584c780c818f5455804caae7982ab15ac251cce4
10,88,7,3,0,69,24,37,20,46,71,13,16,18,21,0,false,418,411,60,45,8,31,0.5,0.4933333333333333,0f54f76857aded4635fdfd6b9b41a7c885a7fd418d24400bfcc68ad31463bd08
10,89,7,3,0,87,111,119,14,47,79,13,16,17,30,0,false,488,399,60,45,7,24,0.6,0.5399999999999999,6a04a07671e2947a277eb33e2a345af53355b2551a6ad17430bc332e09e4f623
10,90,8,2,0,85,172,251,8,13,15,11,12,13,30,0,false,584,363,60,45,3,10,0.8,0.8000000000000002,13d5130abe3e304107da83aaff531258197c9ab535e3f8605df276a30a4cd6fb
10,91,9,1,0,102,113,140,6,13,21,13,16,17,30,0,false,512,402,60,45,7,28,0.8,0.7466666666666667,07f569aba11fc0e7faf6f9de6a78e3e82a70f39769b3b6f2cd5e81906c76eef2
10,92,7,3,0,55,44,52,27,29,38,14,17,19,30,0,false,433,411,60,45,9,36,0.6,0.5733333333333331,9ba4149ece9d314c953936d6bdbb1bc0e65f32fc3ce11e11ea6580e0de2de62a
10,93,7,3,0,61,15,28,8,36,69,14,15,16,13,0,false,392,394,60,45,6,23,0.6,0.58,92f160a7fbe0b4dbf620835545cc1800d336b23edb97e9f45e3f9d354be7b3df
10,94,9,1,0,100,160,242,2,7,11,12,13,13,30,0,false,587,375,60,45,3,15,0.9,0.8000000000000003,045f22e903f409ece81992ed18c37c5f4bca45ee3a2a6b3752ed2582b00fffae
10,95,6,4,0,52,66,46,24,38,52,12,16,18,30,0,false,411,395,60,45,8,28,0.5,0.5666666666666667,709212893707626419bd9ed4044ce3bfbb932ac50656221735876ab17328364e
10,96,7,3,0,85,58,27,10,38,66,12,16,18,27,0,false,396,399,60,45,8,27,0.5,0.5200000000000001,c9c8f01562755ec98871506ce273c63a10175d2557b5660096c95570aadb91c0
10,97,5,5,0,8,18,20,42,92,140,11,11,12,3,0,false,352,362,60,45,2,8,0.4,0.4466666666666667,a7b3c6685b9742b717a0bbbb18c9420c71d8288f32efe5ab46129a955f00a7c4
10,98,6,4,0,42,10,1,15,60,121,13,15,15,0,2,true,360,389,60,45,5,23,0.5,0.4133333333333333,25a07cd317f24367d3195248747cd962d54f4cfd1194eeac1857ec9c49491a86
10,99,6,4,0,34,53,74,34,58,92,11,13,14,29,0,false,416,372,60,45,4,16,0.5,0.5266666666666666,7992efb9e92b3bd041ed7e34629f482b0ea64a8cc9e29aba2cff5a7ecaad522c
