seed,personaId,winter,age,ageBand,founder
0,founder-10,823,63,60,true
0,founder-3,843,63,60,true
0,founder-8,844,84,80,true
0,founder-4,845,69,60,true
0,founder-2,846,86,80,true
0,founder-5,846,70,70,true
0,founder-1,849,86,80,true
1,founder-3,833,63,60,true
1,founder-6,838,65,60,true
1,founder-4,845,84,80,true
1,founder-2,847,74,70,true
1,founder-7,850,82,80,true
2,founder-6,825,60,60,true
2,founder-3,831,66,60,true
2,founder-5,833,66,60,true
2,founder-1,839,71,70,true
2,founder-10,841,81,80,true
2,founder-7,842,76,70,true
3,founder-6,832,71,70,true
3,founder-1,835,72,70,true
3,founder-2,837,73,70,true
3,founder-3,839,60,60,true
3,founder-4,840,66,60,true
3,founder-8,846,66,60,true
3,founder-9,850,78,70,true
4,founder-2,843,75,70,true
4,founder-3,843,70,70,true
4,founder-1,847,71,70,true
4,founder-5,850,82,80,true
5,founder-2,812,52,50,true
5,founder-1,824,59,50,true
5,founder-7,838,73,70,true
5,founder-5,839,71,70,true
5,founder-4,846,78,70,true
6,persona-6,820,3,0,false
6,founder-2,839,67,60,true
6,founder-6,843,73,70,true
6,founder-9,844,80,80,true
6,founder-5,848,78,70,true
7,persona-1,814,5,0,false
7,founder-7,835,53,50,true
7,founder-9,836,75,70,true
7,founder-5,838,60,60,true
7,founder-8,844,70,70,true
7,founder-3,846,72,70,true
7,founder-2,848,81,80,true
8,founder-6,815,34,16,true
8,founder-10,836,76,70,true
8,founder-8,836,62,60,true
8,founder-3,844,80,80,true
8,founder-1,846,75,70,true
9,founder-5,810,50,50,true
9,founder-2,842,79,70,true
10,persona-5,820,12,0,false
10,founder-6,830,61,60,true
10,founder-10,836,68,60,true
10,founder-3,841,80,80,true
10,founder-4,842,70,70,true
10,founder-7,845,71,70,true
10,founder-2,848,82,80,true
11,founder-5,831,61,60,true
11,founder-9,844,67,60,true
11,founder-2,847,76,70,true
11,founder-3,848,86,80,true
11,founder-1,849,82,80,true
11,founder-10,849,83,80,true
12,persona-3,812,8,0,false
12,founder-8,813,50,50,true
12,founder-1,842,64,60,true
12,founder-3,847,71,70,true
13,founder-4,828,61,60,true
13,founder-5,828,67,60,true
13,founder-8,837,73,70,true
13,founder-2,848,69,60,true
13,founder-7,850,86,80,true
14,founder-4,822,62,60,true
14,founder-9,827,52,50,true
14,persona-10,827,4,0,false
14,founder-10,835,69,60,true
14,founder-1,843,72,70,true
14,founder-7,844,63,60,true
15,founder-7,835,71,70,true
15,founder-10,836,74,70,true
15,founder-8,839,79,70,true
15,founder-5,840,75,70,true
15,founder-4,846,81,80,true
16,founder-3,830,63,60,true
16,founder-2,831,50,50,true
16,founder-6,835,69,60,true
16,founder-9,840,66,60,true
16,founder-1,850,74,70,true
17,founder-4,825,64,60,true
17,founder-6,843,72,70,true
17,founder-2,845,71,70,true
18,founder-1,823,61,60,true
18,founder-4,830,61,60,true
18,founder-3,835,71,70,true
18,founder-10,836,74,70,true
18,founder-2,841,76,70,true
19,founder-5,805,38,16,true
19,founder-1,826,60,60,true
19,founder-3,837,60,60,true
19,founder-2,839,77,70,true
20,founder-3,837,71,70,true
20,founder-1,842,78,70,true
20,founder-2,843,71,70,true
20,founder-5,848,76,70,true
21,founder-4,809,29,16,true
21,founder-1,820,54,50,true
21,founder-9,831,64,60,true
21,founder-8,836,65,60,true
22,founder-8,826,53,50,true
22,founder-2,830,60,60,true
22,founder-3,834,72,70,true
22,founder-7,843,78,70,true
22,founder-10,850,70,70,true
23,founder-8,817,51,50,true
23,founder-9,834,71,70,true
23,founder-5,839,60,60,true
23,founder-2,842,81,80,true
23,persona-5,842,34,16,false
23,founder-3,845,68,60,true
24,founder-10,825,62,60,true
24,founder-6,841,76,70,true
24,founder-3,842,76,70,true
24,founder-1,845,79,70,true
25,founder-2,826,61,60,true
25,founder-1,835,63,60,true
25,founder-10,838,71,70,true
25,founder-8,838,60,60,true
25,founder-3,841,65,60,true
25,founder-9,843,70,70,true
26,founder-9,823,61,60,true
26,founder-7,826,61,60,true
26,founder-4,830,64,60,true
26,founder-8,838,75,70,true
26,founder-10,839,70,70,true
26,founder-6,839,77,70,true
26,founder-3,844,84,80,true
27,founder-2,820,54,50,true
27,founder-8,828,57,50,true
27,founder-3,829,62,60,true
27,founder-10,832,62,60,true
27,founder-4,838,63,60,true
27,founder-5,849,71,70,true
28,founder-10,835,74,70,true
28,founder-1,837,77,70,true
28,founder-7,843,70,70,true
28,founder-8,847,77,70,true
28,persona-7,848,4,0,false
29,founder-3,821,58,50,true
29,founder-2,825,53,50,true
29,founder-6,828,68,60,true
29,founder-1,842,73,70,true
29,founder-5,842,70,70,true
29,founder-9,844,83,80,true
29,founder-7,849,82,80,true
30,persona-1,804,2,0,false
30,founder-5,832,70,70,true
30,founder-8,837,74,70,true
30,founder-6,840,70,70,true
30,founder-2,841,66,60,true
30,founder-3,841,67,60,true
30,founder-9,844,67,60,true
30,founder-4,846,71,70,true
31,founder-8,821,60,60,true
31,founder-5,830,60,60,true
31,founder-9,838,69,60,true
31,founder-7,840,74,70,true
31,founder-3,843,73,70,true
31,founder-4,845,77,70,true
31,founder-10,846,74,70,true
31,founder-1,850,83,80,true
32,founder-7,836,72,70,true
32,founder-1,838,78,70,true
32,founder-8,839,75,70,true
33,founder-1,838,67,60,true
33,founder-3,841,73,70,true
33,founder-7,845,84,80,true
33,founder-10,846,70,70,true
33,founder-2,846,71,70,true
33,founder-4,847,71,70,true
33,founder-9,847,73,70,true
33,founder-6,849,82,80,true
34,founder-2,836,70,70,true
34,founder-6,842,70,70,true
34,founder-4,844,84,80,true
34,founder-7,846,66,60,true
34,founder-9,847,84,80,true
35,founder-1,819,52,50,true
35,founder-9,831,71,70,true
35,founder-2,832,71,70,true
35,founder-7,843,74,70,true
35,founder-5,844,78,70,true
35,founder-6,846,81,80,true
35,founder-3,848,72,70,true
36,founder-3,801,40,16,true
36,founder-2,837,70,70,true
36,founder-8,843,61,60,true
36,founder-9,843,78,70,true
36,founder-5,846,75,70,true
36,founder-7,848,69,60,true
37,founder-6,824,60,60,true
37,founder-9,833,56,50,true
37,founder-10,840,73,70,true
37,founder-2,846,74,70,true
37,founder-8,846,78,70,true
37,founder-3,847,69,60,true
38,founder-9,821,51,50,true
38,founder-4,829,60,60,true
38,founder-1,835,65,60,true
38,founder-10,840,76,70,true
38,founder-3,842,68,60,true
38,founder-6,846,76,70,true
39,founder-9,821,61,60,true
39,founder-5,825,60,60,true
39,founder-4,840,73,70,true
39,founder-2,844,76,70,true
39,founder-7,849,81,80,true
39,founder-8,849,73,70,true
40,founder-4,822,61,60,true
40,founder-6,837,65,60,true
40,founder-5,838,76,70,true
40,founder-7,841,72,70,true
40,founder-9,845,68,60,true
40,founder-1,847,74,70,true
41,founder-6,830,60,60,true
41,founder-5,838,66,60,true
41,founder-10,840,66,60,true
41,founder-1,844,76,70,true
41,founder-7,847,65,60,true
42,founder-9,833,70,70,true
42,founder-7,835,55,50,true
42,founder-10,840,76,70,true
42,founder-8,842,70,70,true
42,founder-5,847,73,70,true
43,founder-8,835,73,70,true
43,founder-7,838,76,70,true
43,founder-9,844,73,70,true
43,founder-2,848,86,80,true
43,founder-10,850,74,70,true
44,persona-2,826,21,16,false
44,founder-2,829,57,50,true
44,founder-5,830,61,60,true
44,founder-7,838,72,70,true
44,founder-1,840,80,80,true
44,founder-6,841,72,70,true
44,founder-4,845,80,80,true
44,founder-9,847,78,70,true
45,persona-4,808,3,0,false
45,founder-3,838,76,70,true
45,founder-6,838,71,70,true
45,founder-1,841,70,70,true
45,founder-8,842,82,80,true
45,founder-4,843,76,70,true
46,founder-3,834,72,70,true
46,founder-5,834,70,70,true
46,founder-2,836,74,70,true
46,persona-9,836,1,0,false
46,founder-7,844,75,70,true
46,founder-1,845,70,70,true
46,founder-10,846,72,70,true
46,founder-4,848,73,70,true
47,founder-10,823,63,60,true
47,founder-9,824,61,60,true
47,founder-4,829,61,60,true
47,founder-5,830,68,60,true
47,founder-1,834,73,70,true
47,founder-2,837,56,50,true
47,founder-7,838,74,70,true
47,founder-3,848,70,70,true
48,founder-6,826,62,60,true
48,founder-9,826,66,60,true
48,founder-1,828,62,60,true
48,founder-5,828,65,60,true
48,founder-7,840,74,70,true
48,founder-2,844,67,60,true
49,founder-1,821,60,60,true
49,founder-2,826,66,60,true
49,founder-6,838,61,60,true
49,persona-7,849,9,0,false
50,founder-3,835,62,60,true
50,founder-7,836,71,70,true
50,founder-9,839,74,70,true
50,founder-8,846,64,60,true
50,founder-1,850,73,70,true
50,founder-10,850,82,80,true
51,founder-6,834,72,70,true
51,founder-1,845,74,70,true
51,founder-5,847,85,80,true
51,founder-3,848,74,70,true
52,founder-10,805,45,16,true
52,founder-3,813,52,50,true
52,founder-4,834,62,60,true
52,founder-8,840,79,70,true
52,founder-7,843,76,70,true
52,founder-6,845,85,80,true
52,founder-2,849,85,80,true
53,founder-3,837,73,70,true
53,founder-10,843,78,70,true
53,founder-5,845,65,60,true
53,founder-1,846,82,80,true
53,founder-2,850,89,80,true
54,founder-9,829,51,50,true
54,founder-1,831,57,50,true
54,founder-7,831,70,70,true
54,founder-3,832,61,60,true
54,founder-2,838,69,60,true
54,founder-5,842,74,70,true
54,founder-10,848,71,70,true
55,founder-1,822,55,50,true
55,founder-8,828,65,60,true
55,founder-6,833,68,60,true
55,founder-5,841,70,70,true
55,persona-11,842,5,0,false
55,founder-2,846,82,80,true
56,founder-8,830,70,70,true
56,founder-7,832,70,70,true
56,persona-7,832,7,0,false
56,founder-5,837,73,70,true
56,founder-3,844,68,60,true
56,persona-10,845,10,0,false
56,founder-1,848,80,80,true
56,founder-6,850,79,70,true
57,founder-3,811,50,50,true
57,persona-1,818,17,16,false
57,founder-1,822,61,60,true
57,founder-2,832,66,60,true
57,founder-5,840,61,60,true
57,founder-6,847,67,60,true
57,founder-9,849,74,70,true
58,founder-5,833,65,60,true
58,founder-7,839,72,70,true
58,founder-1,841,62,60,true
59,founder-2,826,64,60,true
59,persona-11,835,22,16,false
59,founder-6,838,64,60,true
59,founder-1,839,64,60,true
59,founder-10,841,71,70,true
59,founder-7,841,63,60,true
60,founder-5,826,61,60,true
60,founder-7,834,72,70,true
60,founder-3,835,62,60,true
60,founder-6,844,80,80,true
60,persona-6,845,28,16,false
60,founder-10,846,83,80,true
60,founder-9,849,77,70,true
60,founder-4,850,81,80,true
61,founder-10,839,78,70,true
61,founder-7,840,76,70,true
61,founder-9,844,84,80,true
61,founder-3,850,70,70,true
62,founder-2,817,45,16,true
62,founder-6,848,80,80,true
62,founder-10,850,76,70,true
63,founder-10,825,65,60,true
63,founder-2,842,64,60,true
63,founder-8,844,80,80,true
63,founder-4,850,85,80,true
64,founder-10,827,64,60,true
64,founder-9,838,67,60,true
64,founder-4,839,73,70,true
64,founder-3,841,63,60,true
64,founder-2,844,70,70,true
64,founder-8,847,76,70,true
64,founder-6,850,76,70,true
65,founder-5,823,53,50,true
65,founder-9,834,65,60,true
65,founder-3,840,72,70,true
65,founder-1,842,79,70,true
65,founder-8,843,80,80,true
65,founder-4,850,81,80,true
66,founder-6,831,57,50,true
66,founder-8,840,76,70,true
66,founder-5,841,80,80,true
66,founder-3,845,84,80,true
66,founder-2,847,79,70,true
66,founder-1,848,85,80,true
67,persona-5,814,6,0,false
67,founder-1,822,53,50,true
67,founder-10,826,63,60,true
67,founder-4,829,58,50,true
67,founder-7,848,88,80,true
68,persona-6,818,9,0,false
68,founder-1,830,60,60,true
68,founder-9,832,70,70,true
68,founder-10,844,81,80,true
68,founder-3,844,84,80,true
69,founder-5,830,62,60,true
69,founder-9,835,70,70,true
69,founder-6,838,66,60,true
69,founder-2,845,82,80,true
69,founder-10,848,85,80,true
69,founder-8,849,79,70,true
70,founder-4,832,57,50,true
70,founder-5,834,62,60,true
70,persona-7,835,25,16,false
70,founder-1,837,75,70,true
70,founder-10,839,76,70,true
70,founder-3,839,72,70,true
70,founder-9,843,63,60,true
71,persona-4,816,13,0,false
71,founder-6,825,65,60,true
71,founder-8,834,67,60,true
71,persona-5,838,24,16,false
71,founder-7,843,78,70,true
71,founder-9,845,76,70,true
71,founder-4,846,66,60,true
71,founder-1,850,77,70,true
71,founder-2,850,83,80,true
72,founder-2,834,52,50,true
72,founder-4,834,73,70,true
72,founder-8,840,70,70,true
72,founder-6,841,72,70,true
72,founder-10,850,80,80,true
73,founder-3,825,51,50,true
73,founder-7,841,67,60,true
73,founder-6,848,74,70,true
74,founder-10,815,53,50,true
74,founder-7,841,75,70,true
74,founder-8,846,80,80,true
75,founder-3,835,71,70,true
75,founder-2,838,68,60,true
75,founder-5,838,72,70,true
75,founder-7,839,72,70,true
75,persona-7,841,30,16,false
75,founder-8,843,80,80,true
75,founder-10,844,69,60,true
75,founder-6,844,72,70,true
76,persona-4,817,13,0,false
76,founder-9,831,63,60,true
76,persona-9,831,11,0,false
76,founder-7,838,74,70,true
76,founder-3,844,78,70,true
77,founder-9,820,38,16,true
77,founder-5,825,59,50,true
77,founder-1,834,63,60,true
77,founder-10,835,70,70,true
77,founder-2,836,69,60,true
77,founder-7,839,79,70,true
77,founder-3,840,58,50,true
78,founder-6,823,61,60,true
78,founder-5,836,66,60,true
78,founder-7,849,85,80,true
78,founder-2,850,69,60,true
79,founder-2,842,75,70,true
79,founder-3,849,73,70,true
80,founder-1,833,71,70,true
80,founder-3,838,76,70,true
80,founder-7,841,80,80,true
80,founder-6,845,85,80,true
80,founder-8,848,78,70,true
80,founder-2,849,81,80,true
81,founder-7,825,64,60,true
81,founder-4,826,60,60,true
81,founder-8,841,60,60,true
81,founder-1,846,78,70,true
81,founder-2,846,69,60,true
81,founder-10,847,73,70,true
82,founder-4,822,61,60,true
82,founder-10,838,72,70,true
82,founder-2,843,69,60,true
82,persona-6,843,33,16,false
82,founder-5,844,74,70,true
83,founder-4,822,60,60,true
83,founder-1,823,57,50,true
83,founder-7,826,61,60,true
83,founder-8,827,65,60,true
83,founder-6,833,64,60,true
83,founder-2,846,72,70,true
84,founder-1,824,52,50,true
84,founder-3,827,66,60,true
84,founder-8,838,66,60,true
84,founder-4,840,70,70,true
84,founder-7,840,63,60,true
84,founder-9,842,63,60,true
84,founder-10,849,75,70,true
84,founder-2,850,80,80,true
84,founder-6,850,75,70,true
85,founder-8,827,62,60,true
85,founder-1,831,58,50,true
85,founder-3,840,73,70,true
85,founder-4,847,76,70,true
85,founder-2,849,72,70,true
86,founder-7,815,33,16,true
86,founder-1,830,52,50,true
86,founder-6,843,63,60,true
87,founder-10,830,70,70,true
87,founder-8,834,70,70,true
87,founder-7,836,71,70,true
87,founder-9,843,82,80,true
87,founder-5,846,72,70,true
88,founder-6,826,60,60,true
88,founder-8,842,63,60,true
89,persona-2,814,8,0,false
89,founder-3,840,79,70,true
89,founder-8,842,63,60,true
89,founder-10,845,85,80,true
89,founder-9,845,68,60,true
89,founder-2,848,84,80,true
89,founder-1,850,76,70,true
90,founder-6,826,66,60,true
90,founder-1,842,82,80,true
90,founder-2,842,81,80,true
90,founder-4,846,83,80,true
90,founder-3,847,82,80,true
90,founder-8,849,83,80,true
90,founder-9,850,77,70,true
91,founder-1,837,73,70,true
91,founder-9,847,82,80,true
92,founder-5,818,39,16,true
92,founder-4,825,60,60,true
92,founder-7,830,64,60,true
92,founder-1,834,65,60,true
92,founder-10,841,70,70,true
92,founder-3,844,71,70,true
93,founder-2,835,72,70,true
93,founder-3,839,68,60,true
93,founder-5,848,74,70,true
93,founder-6,850,74,70,true
94,founder-9,808,38,16,true
94,founder-1,824,61,60,true
94,founder-4,830,68,60,true
94,founder-5,845,79,70,true
94,founder-2,846,76,70,true
95,founder-1,825,60,60,true
95,founder-10,827,54,50,true
95,founder-8,834,70,70,true
95,founder-4,837,71,70,true
95,founder-3,842,73,70,true
95,founder-2,844,67,60,true
95,founder-9,844,74,70,true
95,founder-6,850,76,70,true
96,founder-7,805,23,16,true
96,founder-6,824,60,60,true
96,founder-4,839,72,70,true
96,founder-10,840,65,60,true
96,founder-5,841,79,70,true
96,founder-3,843,65,60,true
97,founder-3,836,69,60,true
97,founder-1,839,73,70,true
97,founder-6,844,81,80,true
97,founder-4,849,80,80,true
98,founder-5,833,64,60,true
98,founder-10,840,63,60,true
98,founder-2,841,66,60,true
98,founder-6,841,76,70,true
98,founder-4,848,70,70,true
98,founder-9,850,77,70,true
99,founder-4,820,60,60,true
99,founder-6,829,63,60,true
99,persona-3,835,21,16,false
99,founder-5,836,74,70,true
99,founder-7,837,77,70,true
99,founder-9,842,78,70,true
99,founder-2,849,83,80,true
